system,Rg
frac_0,1.4740498550724639
frac_1,1.4576076771614193
frac_2,1.464777411794103
frac_3,1.4725555937031485
frac_4,1.4631818140929536
frac_5,1.6177384792603697
frac_6,1.5918575987006496
frac_7,1.621889563218391
frac_8,1.6401590709645177
frac_9,1.580492555722139
frac_10,1.770834087956022
frac_11,1.7738761269365317
frac_12,1.7351172263868064
frac_13,1.7177329985007497
frac_14,1.752852563718141
frac_15,1.8698921739130434
frac_16,1.8644647276361819
frac_17,1.9293574812593706
frac_18,1.8595748975512243
frac_19,1.9146012143928037
frac_20,2.0162615092453775
frac_21,2.0257043128435783
frac_22,2.0024342978510745
frac_23,2.0277838130934533
frac_24,2.0396781209395303
frac_25,1.5502348295852073
frac_26,1.5490666991504247
frac_27,1.552661008995502
frac_28,1.562640867566217
frac_29,1.5387308700649673
frac_30,1.7398567466266865
frac_31,1.6633661894052973
frac_32,1.7212879460269865
frac_33,1.7214683073463268
frac_34,1.6900174972513742
frac_35,1.8475746776611692
frac_36,1.8606836781609195
frac_37,1.8336888260869566
frac_38,1.8530160619690155
frac_39,1.8380158670664666
frac_40,1.9531091804097953
frac_41,1.9244016691654173
frac_42,1.9913984807596201
frac_43,2.0352779610194904
frac_44,1.9872813943028484
frac_45,2.112920784607696
frac_46,2.0986063568215894
frac_47,2.1219113493253374
frac_48,2.1146785957021486
frac_49,2.1168902598700647
frac_50,1.6200371144427785
frac_51,1.6073085062468764
frac_52,1.6655680369815093
frac_53,1.6252435652173916
frac_54,1.6465496776611692
frac_55,1.8118103648175912
frac_56,1.793522243878061
frac_57,1.750267084457771
frac_58,1.8060979045477261
frac_59,1.786732243878061
frac_60,1.9402574062968516
frac_61,1.9398115892053975
frac_62,1.9072442128935532
frac_63,1.8902163568215893
frac_64,1.9155605697151425
frac_65,2.033683128435782
frac_66,2.10449327836082
frac_67,2.0600959870064965
frac_68,2.115298925537231
frac_69,2.0358492603698153
frac_70,2.116103803098451
frac_71,2.191135207396302
frac_72,2.243861364317841
frac_73,2.170515767116442
frac_74,2.1852243978010994
frac_75,1.761576227386307
frac_76,1.7055071664167916
frac_77,1.7322962018990504
frac_78,1.7235235747126436
frac_79,1.7223273088455773
frac_80,1.8467512443778111
frac_81,1.8499718790604698
frac_82,1.8783174462768617
frac_83,1.8883535832083957
frac_84,1.892895752123938
frac_85,1.9892036731634184
frac_86,2.000644787606197
frac_87,2.022913343328336
frac_88,2.034545247376312
frac_89,2.031988230884558
frac_90,2.1454684307846077
frac_91,2.117923493253373
frac_92,2.152634782608696
frac_93,2.1028176811594204
frac_94,2.0939238980509742
frac_95,2.263435617191404
frac_96,2.238901804097951
frac_97,2.2475058920539728
frac_98,2.241700849575212
frac_99,2.2069479660169917
frac_100,1.8154035782108946
frac_101,1.7896723738130935
frac_102,1.8309993653173415
frac_103,1.82130263868066
frac_104,1.819517896051974
frac_105,1.946196091954023
frac_106,1.9740555672163917
frac_107,1.9748933383308345
frac_108,1.9502282708645677
frac_109,1.9416909195402299
frac_110,2.090824887556222
frac_111,2.0872464767616195
frac_112,2.042731024487756
frac_113,2.082973298350825
frac_114,2.0111663818090952
frac_115,2.180157996001999
frac_116,2.1760119340329838
frac_117,2.207647246376812
frac_118,2.2084469215392306
frac_119,2.226766491754123
frac_120,2.2777594352823587
frac_121,2.3325627236381807
frac_122,2.3266190454772615
frac_123,2.308564467766117
frac_124,2.3086880609695153
frac_125,1.5851672308845577
frac_126,1.5557011694152922
frac_127,1.5498098580709643
frac_128,1.534539704647676
frac_129,1.5425254447776113
frac_130,1.6816142698650676
frac_131,1.73541364067966
frac_132,1.6915891254372812
frac_133,1.6750148775612195
frac_134,1.6835132498750627
frac_135,1.84208011994003
frac_136,1.8356268565717142
frac_137,1.8255572063968015
frac_138,1.8212722688655674
frac_139,1.8531150924537731
frac_140,1.9787736631684159
frac_141,1.9736143928035983
frac_142,1.9423194702648676
frac_143,1.972372963518241
frac_144,1.9605904947526236
frac_145,2.083112623688156
frac_146,2.083102068965517
frac_147,2.0891497451274366
frac_148,2.072490699650175
frac_149,2.0478045627186408
frac_150,1.6436889090454772
frac_151,1.6413494652673664
frac_152,1.6183083873063469
frac_153,1.6578482263868066
frac_154,1.6234525502248875
frac_155,1.7810247426286856
frac_156,1.803946676661669
frac_157,1.7863345177411298
frac_158,1.7891109195402297
frac_159,1.7974744577711146
frac_160,1.9266767266366818
frac_161,1.9311365067466266
frac_162,1.9200076311844079
frac_163,1.9726487906046977
frac_164,1.9104666366816594
frac_165,2.0748324287856073
frac_166,2.063310184907546
frac_167,2.033511929035482
frac_168,2.071023658170914
frac_169,2.060044747626187
frac_170,2.208008595702149
frac_171,2.1635764367816095
frac_172,2.1412268215892047
frac_173,2.175673788105947
frac_174,2.213136286856572
frac_175,1.7310492403798101
frac_176,1.7038789760119941
frac_177,1.759920106946527
frac_178,1.6922293553223389
frac_179,1.737301859570215
frac_180,1.8693299950024989
frac_181,1.8683078760619691
frac_182,1.871639435282359
frac_183,1.880873963018491
frac_184,1.8756779610194902
frac_185,2.0424604097951025
frac_186,1.9879295852073964
frac_187,2.002140614692654
frac_188,2.0191221889055475
frac_189,1.9972057971014494
frac_190,2.1210962318840583
frac_191,2.1443381209395302
frac_192,2.166882808595702
frac_193,2.07543740129935
frac_194,2.145710009995003
frac_195,2.2592189005497247
frac_196,2.2457952423788106
frac_197,2.2854336931534234
frac_198,2.2348286306846576
frac_199,2.291193153423288
frac_200,1.803775887056472
frac_201,1.7954172363818093
frac_202,1.8454159020489755
frac_203,1.7860577331334333
frac_204,1.8152070714642679
frac_205,1.9120511294352827
frac_206,1.939123583208396
frac_207,1.9482467016491756
frac_208,1.9257559620189906
frac_209,1.9364348425787106
frac_210,2.0763902548725635
frac_211,2.104357116441779
frac_212,2.0891137731134433
frac_213,2.068212013993003
frac_214,2.090544997501249
frac_215,2.2034588905547228
frac_216,2.190044307846077
frac_217,2.226519660169915
frac_218,2.208153458270864
frac_219,2.204186631684158
frac_220,2.2985778760619686
frac_221,2.353346151924038
frac_222,2.2763509345327337
frac_223,2.312067211394303
frac_224,2.301072243878061
frac_225,1.8886436531734132
frac_226,1.866135212393803
frac_227,1.8566466866566718
frac_228,1.9041005797101451
frac_229,1.9017044177911044
frac_230,2.0349292903548224
frac_231,1.9925386906546727
frac_232,2.0517863668165917
frac_233,1.9795912343828084
frac_234,2.016234447776112
frac_235,2.1930334232883557
frac_236,2.1161056521739128
frac_237,2.119252383808096
frac_238,2.125185087456272
frac_239,2.1373119140429786
frac_240,2.23365015992004
frac_241,2.1964285857071464
frac_242,2.2605998750624683
frac_243,2.269569285357321
frac_244,2.307246461769115
frac_245,2.3635931034482756
frac_246,2.3909236131934035
frac_247,2.363819380309845
frac_248,2.373319965017491
frac_249,2.3927589155422284
frac_250,1.6460826386806597
frac_251,1.6377646421789105
frac_252,1.6123354497751123
frac_253,1.6655665217391304
frac_254,1.6380030284857572
frac_255,1.7857273613193405
frac_256,1.7818671164417792
frac_257,1.7868602198900552
frac_258,1.8205511794102947
frac_259,1.7808903748125937
frac_260,1.8838747476261868
frac_261,1.9426345427286358
frac_262,1.9394018790604697
frac_263,1.910047276361819
frac_264,1.9479026086956521
frac_265,2.0726333433283357
frac_266,2.0072746626686655
frac_267,2.047451059470265
frac_268,2.064357036481759
frac_269,2.050132563718141
frac_270,2.188154952523738
frac_271,2.1788773213393307
frac_272,2.1722411644177915
frac_273,2.1744316491754123
frac_274,2.1859245977011494
frac_275,1.7038335432283858
frac_276,1.7316383658170913
frac_277,1.6985174612693652
frac_278,1.735022868565717
frac_279,1.7637707661169415
frac_280,1.870904267866067
frac_281,1.8949467166416791
frac_282,1.8554276711644175
frac_283,1.8698891904047976
frac_284,1.8346542778610695
frac_285,1.9894579110444777
frac_286,2.0060289705147425
frac_287,2.0290547776111945
frac_288,2.0416813543228387
frac_289,1.9859273113443279
frac_290,2.1262591054472764
frac_291,2.1114355022488756
frac_292,2.1555250874562715
frac_293,2.065947291354323
frac_294,2.073536611694153
frac_295,2.2254886256871567
frac_296,2.2691045377311343
frac_297,2.281018615692154
frac_298,2.2611343628185905
frac_299,2.261171329335332
frac_300,1.8117238030984506
frac_301,1.8306226536731633
frac_302,1.7815390254872563
frac_303,1.7923196551724139
frac_304,1.7939406446776613
frac_305,1.9537072213893052
frac_306,1.971713348325837
frac_307,1.9711296451774112
frac_308,1.9259845027486255
frac_309,1.870183348325837
frac_310,2.0397910244877564
frac_311,2.0501150824587704
frac_312,2.0874140679660167
frac_313,2.0163350174912544
frac_314,2.0769451424287855
frac_315,2.1878141579210397
frac_316,2.204880779610195
frac_317,2.246332028985507
frac_318,2.2199830084957526
frac_319,2.2197537681159423
frac_320,2.2683876911544227
frac_321,2.3539535332333834
frac_322,2.30592303848076
frac_323,2.3442344077961024
frac_324,2.3436725187406298
frac_325,1.8442973913043479
frac_326,1.902766756621689
frac_327,1.8736261369315341
frac_328,1.90792179910045
frac_329,1.8745799100449776
frac_330,2.0326833783108444
frac_331,2.000147751124438
frac_332,2.0429045727136432
frac_333,2.026215962018991
frac_334,2.0606579810094954
frac_335,2.168857356321839
frac_336,2.1501591404297855
frac_337,2.1561967066466767
frac_338,2.139083683158421
frac_339,2.1559034382808595
frac_340,2.267147891054473
frac_341,2.2076699650174914
frac_342,2.3322892953523238
frac_343,2.2457498750624687
frac_344,2.217239995002499
frac_345,2.34557151924038
frac_346,2.392715007496252
frac_347,2.385354447776112
frac_348,2.3760179110444777
frac_349,2.38213624187906
frac_350,1.967530459770115
frac_351,1.9491672563718143
frac_352,1.94389003998001
frac_353,1.9638462718640681
frac_354,1.9261077411294354
frac_355,2.0828999300349826
frac_356,2.0890805297351327
frac_357,2.0620465717141427
frac_358,2.06910211894053
frac_359,2.094763148425787
frac_360,2.1874584207896053
frac_361,2.2548439080459772
frac_362,2.2155795652173915
frac_363,2.1853264667666163
frac_364,2.176699285357321
frac_365,2.3065258720639683
frac_366,2.3207414392803596
frac_367,2.3822111694152923
frac_368,2.321860369815093
frac_369,2.3255990704647673
frac_370,2.4825271614192905
frac_371,2.43378063968016
frac_372,2.5309116541729137
frac_373,2.4954850024987505
frac_374,2.466293328335832
frac_375,1.71669095952024
frac_376,1.746665603198401
frac_377,1.716391544227886
frac_378,1.70712123938031
frac_379,1.7371605447276361
frac_380,1.8443450374812593
frac_381,1.8395380959520238
frac_382,1.8892950824587706
frac_383,1.8682748375812095
frac_384,1.864931844077961
frac_385,2.0349750824587707
frac_386,1.980148855572214
frac_387,1.9519463068465768
frac_388,2.0005212493753124
frac_389,1.9334129435282357
frac_390,2.1476474762618687
frac_391,2.1029164417791106
frac_392,2.1424590104947527
frac_393,2.056536386806597
frac_394,2.1308144577711143
frac_395,2.212832513743128
frac_396,2.2813683058470766
frac_397,2.2636633183408295
frac_398,2.228567846076962
frac_399,2.2607454722638676
frac_400,1.8115235282358821
frac_401,1.7886372863568216
frac_402,1.7959416591704147
frac_403,1.7821573813093452
frac_404,1.800702083958021
frac_405,1.953967351324338
frac_406,1.9574880059970015
frac_407,1.9304764467766118
frac_408,1.9657902848575715
frac_409,1.9471422538730634
frac_410,2.0492270514742628
frac_411,2.087236636681659
frac_412,2.0692691504247875
frac_413,2.073182963518241
frac_414,2.041793928035982
frac_415,2.227510024987506
frac_416,2.2072423288355827
frac_417,2.2236714092953527
frac_418,2.221010424787606
frac_419,2.189370364817591
frac_420,2.315228935532234
frac_421,2.372482138930535
frac_422,2.365479140429785
frac_423,2.2907451924037976
frac_424,2.3056899750124935
frac_425,1.8986238380809595
frac_426,1.8735649125437281
frac_427,1.8614285807096451
frac_428,1.886674007996002
frac_429,1.8707151124437782
frac_430,1.9853337581209398
frac_431,2.0032191054472763
frac_432,2.004814172913543
frac_433,2.0096020439780107
frac_434,2.024791419290355
frac_435,2.153419210394803
frac_436,2.172973188405797
frac_437,2.150361564217891
frac_438,2.1689912593703147
frac_439,2.1215795802098953
frac_440,2.2753844327836084
frac_441,2.3082028285857072
frac_442,2.2591707446276863
frac_443,2.209827911044478
frac_444,2.2818938980509746
frac_445,2.373571589205397
frac_446,2.441027911044478
frac_447,2.406293068465767
frac_448,2.3958573463268373
frac_449,2.3871962568715643
frac_450,1.9645503698150928
frac_451,1.938947791104448
frac_452,1.9819132533733135
frac_453,1.9745883008495755
frac_454,1.9477150424787608
frac_455,2.0720929685157423
frac_456,2.0813769615192403
frac_457,2.102401729135432
frac_458,2.112282563718141
frac_459,2.046086376811594
frac_460,2.2635866816591705
frac_461,2.253443643178411
frac_462,2.224592073963018
frac_463,2.1781650224887557
frac_464,2.22252219890055
frac_465,2.291050889555222
frac_466,2.335053153423288
frac_467,2.3173341329335333
frac_468,2.333381764117941
frac_469,2.3541386906546724
frac_470,2.43372852073963
frac_471,2.502806431784108
frac_472,2.4175563668165916
frac_473,2.4719355022488756
frac_474,2.4409925337331337
frac_475,2.0227890854572714
frac_476,2.018573313343328
frac_477,2.0296587206396803
frac_478,2.073019255372314
frac_479,2.0311058820589705
frac_480,2.1238295502248876
frac_481,2.1089502248875562
frac_482,2.1688906546726634
frac_483,2.1782169315342332
frac_484,2.1129374462768618
frac_485,2.1955304947526235
frac_486,2.286062163918041
frac_487,2.2476608945527237
frac_488,2.3250243878060965
frac_489,2.2891276761619195
frac_490,2.4263539430284857
frac_491,2.4432546326836584
frac_492,2.432761749125438
frac_493,2.4246160869565214
frac_494,2.4020686856571714
frac_495,2.4998210194902546
frac_496,2.5394478310844577
frac_497,2.5322863518240877
frac_498,2.534216696651674
frac_499,2.479523378310845
frac_500,1.7724322188905548
frac_501,1.804005287356322
frac_502,1.8308726986506747
frac_503,1.7767578410794604
frac_504,1.8102042978510746
frac_505,1.9444881259370315
frac_506,1.9390093303348326
frac_507,1.8793337531234382
frac_508,1.9246069465267366
frac_509,1.9563981009495253
frac_510,2.0842946576711645
frac_511,2.0773813543228385
frac_512,2.0703734632683655
frac_513,2.090949275362319
frac_514,2.0925165417291356
frac_515,2.1937768365817094
frac_516,2.224742708645677
frac_517,2.248351489255372
frac_518,2.195600494752624
frac_519,2.248474222888556
frac_520,2.3372262418790606
frac_521,2.351920134932534
frac_522,2.3509688855572213
frac_523,2.279596731634183
frac_524,2.35791035982009
frac_525,1.8526922338830583
frac_526,1.85492047976012
frac_527,1.8727714792603698
frac_528,1.8716211044477762
frac_529,1.8921552023988004
frac_530,2.0248064367816094
frac_531,2.0026082408795602
frac_532,2.019373563218391
frac_533,2.042393388305847
frac_534,2.04169315842079
frac_535,2.1323705747126436
frac_536,2.1689609395302347
frac_537,2.1043471914042975
frac_538,2.1555935132433786
frac_539,2.1779416291854075
frac_540,2.2426879060469767
frac_541,2.240210049975012
frac_542,2.2726810194902547
frac_543,2.284082388805597
frac_544,2.2881835032483755
frac_545,2.38061688155922
frac_546,2.3857036681659167
frac_547,2.3707526386806594
frac_548,2.3943838430784607
frac_549,2.370584387806097
frac_550,1.9645559070464769
frac_551,1.940335067466267
frac_552,1.9391424187906046
frac_553,1.9072700299850074
frac_554,1.978415412293853
frac_555,2.0939583058470768
frac_556,2.052244957521239
frac_557,2.0582783858070965
frac_558,2.087433708145927
frac_559,2.0909053823088453
frac_560,2.195691854072964
frac_561,2.2343804697651173
frac_562,2.2200330534732635
frac_563,2.2333067566216895
frac_564,2.2653404697651176
frac_565,2.3292781859070466
frac_566,2.339233503248376
frac_567,2.336474952523738
frac_568,2.2913760319840075
frac_569,2.3331685857071465
frac_570,2.4711545727136435
frac_571,2.493501299350325
frac_572,2.4866775212393804
frac_573,2.428652308845577
frac_574,2.458701684157921
frac_575,2.023852343828086
frac_576,2.0516260869565217
frac_577,2.0525082458770614
frac_578,1.9806745277361317
frac_579,2.066701099450275
frac_580,2.121379015492254
frac_581,2.134020249875063
frac_582,2.1215494702648674
frac_583,2.1264488305847076
frac_584,2.135619830084958
frac_585,2.2842190854572713
frac_586,2.2465276811594204
frac_587,2.260414447776112
frac_588,2.291494982508745
frac_589,2.2562960919540234
frac_590,2.431034762618691
frac_591,2.472949315342329
frac_592,2.45097596201899
frac_593,2.4157753323338333
frac_594,2.3846440379810097
frac_595,2.555370484757621
frac_596,2.4858084507746128
frac_597,2.531103898050975
frac_598,2.511690169915043
frac_599,2.5348472763618193
frac_600,2.0960637381309346
frac_601,2.085937686156922
frac_602,2.099950734632684
frac_603,2.076167731134433
frac_604,2.0713090854572713
frac_605,2.2316798650674667
frac_606,2.222093223388306
frac_607,2.177055247376311
frac_608,2.262618475762119
frac_609,2.3073590454772614
frac_610,2.3191892553723137
frac_611,2.342153068465767
frac_612,2.35182547726137
frac_613,2.324122623688156
frac_614,2.38289111944028
frac_615,2.49695952023988
frac_616,2.492549725137432
frac_617,2.472462288855572
frac_618,2.4925191654172916
frac_619,2.50292191904048
frac_620,2.617007261369315
frac_621,2.584384477761119
frac_622,2.5451809145427284
frac_623,2.55677131934033
frac_624,2.601380984507746
frac_625,1.5399345737131436
frac_626,1.5386034582708645
frac_627,1.5263967461269365
frac_628,1.5217572563718138
frac_629,1.5273422493753124
frac_630,1.6776460939530236
frac_631,1.6915813808095952
frac_632,1.6690465467266367
frac_633,1.6677735757121441
frac_634,1.6627144712643678
frac_635,1.7826786106946528
frac_636,1.8221245477261367
frac_637,1.843109420289855
frac_638,1.8266612843578212
frac_639,1.773340819590205
frac_640,1.957441379310345
frac_641,1.971983928035982
frac_642,1.9618136581709147
frac_643,1.9743859370314842
frac_644,1.9708017591204396
frac_645,2.0240640829585206
frac_646,2.0641833783108443
frac_647,2.1120006946526737
frac_648,2.0727181159420294
frac_649,2.079643833083458
frac_650,1.628342768615692
frac_651,1.5982826886556722
frac_652,1.6012288505747128
frac_653,1.6042108160919542
frac_654,1.5935991014492752
frac_655,1.729937916041979
frac_656,1.759807316341829
frac_657,1.7791774462768617
frac_658,1.7760744227886056
frac_659,1.7126812858570715
frac_660,1.8822647026486756
frac_661,1.927633923038481
frac_662,1.8992742178910544
frac_663,1.9012353523238381
frac_664,1.8904852573713145
frac_665,2.0421498550724637
frac_666,2.0635716041979006
frac_667,2.031195492253873
frac_668,2.045613048475762
frac_669,2.051246651674163
frac_670,2.1857061319340327
frac_671,2.1622882508745627
frac_672,2.170132213893053
frac_673,2.187029140429785
frac_674,2.217835927036482
frac_675,1.691362576211894
frac_676,1.6714744427786106
frac_677,1.6800776611694153
frac_678,1.688963583208396
frac_679,1.6819741629185407
frac_680,1.8734704247876062
frac_681,1.8549213293353324
frac_682,1.8437089505247377
frac_683,1.8195716541729137
frac_684,1.8114945677161418
frac_685,1.9450218940529733
frac_686,1.9433798600699648
frac_687,1.9861454322838579
frac_688,1.943684767616192
frac_689,1.9623658720639683
frac_690,2.121343858070965
frac_691,2.108619590204898
frac_692,2.096485187406297
frac_693,2.102595787106447
frac_694,2.134757181409295
frac_695,2.217825177411294
frac_696,2.2441201399300352
frac_697,2.21712872063968
frac_698,2.1552456171914045
frac_699,2.1626186056971517
frac_700,1.7904803248375811
frac_701,1.7503077761119439
frac_702,1.7719571564217889
frac_703,1.8006659420289857
frac_704,1.7530438330834583
frac_705,1.9068518790604698
frac_706,1.9110204297851074
frac_707,1.9037223288355825
frac_708,1.9508004147926037
frac_709,1.9133483908045976
frac_710,2.075229055472264
frac_711,2.0255989855072465
frac_712,2.0274787456271866
frac_713,2.0189827286356823
frac_714,2.049107991004498
frac_715,2.167860854572713
frac_716,2.1870769515242383
frac_717,2.2120472513743126
frac_718,2.1829869565217392
frac_719,2.1878925987006492
frac_720,2.3021445727136434
frac_721,2.309663343328336
frac_722,2.3138844177911047
frac_723,2.3326749925037484
frac_724,2.2955524337831084
frac_725,1.849630659670165
frac_726,1.8394250924537732
frac_727,1.877891019490255
frac_728,1.8625954172913544
frac_729,1.8577157021489255
frac_730,1.9990121789105446
frac_731,1.9727573213393303
frac_732,2.020733628185907
frac_733,1.9990473663168415
frac_734,1.9896829335332333
frac_735,2.1503196151924033
frac_736,2.1606059470264865
frac_737,2.1602467216391803
frac_738,2.1172271664167917
frac_739,2.115295922038981
frac_740,2.236049140429785
frac_741,2.264331904047976
frac_742,2.266315087456272
frac_743,2.2597922788605693
frac_744,2.229592828585707
frac_745,2.3771280609695156
frac_746,2.3765998500749625
frac_747,2.3933923688155923
frac_748,2.3278874012993502
frac_749,2.400352588705647
frac_750,1.6044158665667168
frac_751,1.6124310219890055
frac_752,1.6036661729135433
frac_753,1.6199193338330835
frac_754,1.6227947696151923
frac_755,1.7208441529235385
frac_756,1.7398735332333832
frac_757,1.7516184757621187
frac_758,1.765614267866067
frac_759,1.7636745392303848
frac_760,1.8576911394302849
frac_761,1.935262968515742
frac_762,1.9116189505247376
frac_763,1.9115047576211892
frac_764,1.8921341829085456
frac_765,2.0573602598700647
frac_766,2.0179553223388305
frac_767,2.0337220189905048
frac_768,2.046715222388806
frac_769,2.077968820589705
frac_770,2.1611560769615195
frac_771,2.1946835182408795
frac_772,2.142663993003498
frac_773,2.123654782608696
frac_774,2.1239334032983503
frac_775,1.688626623188406
frac_776,1.6792318740629686
frac_777,1.7093167751124436
frac_778,1.7026803788105949
frac_779,1.674739092453773
frac_780,1.8388642228885559
frac_781,1.8493050674662668
frac_782,1.8432444977511242
frac_783,1.8543626036981509
frac_784,1.840257596201899
frac_785,2.0212651674162916
frac_786,1.991577141429285
frac_787,1.9543478610694653
frac_788,1.9882674812593704
frac_789,1.996541824087956
frac_790,2.0968655572213892
frac_791,2.123780224887556
frac_792,2.0846455922038976
frac_793,2.111590754622689
frac_794,2.078973868065967
frac_795,2.230705632183908
frac_796,2.2226962068965515
frac_797,2.231139610194903
frac_798,2.2695064267866067
frac_799,2.264528905547227
frac_800,1.791984347826087
frac_801,1.7617291354322837
frac_802,1.7525566016991505
frac_803,1.805836451774113
frac_804,1.800035587206397
frac_805,1.902732703648176
frac_806,1.9240343128435782
frac_807,1.9431489905047477
frac_808,1.883840739630185
frac_809,1.9224924587706147
frac_810,2.0722989705147423
frac_811,2.0476581009495254
frac_812,2.0320815292353824
frac_813,2.0509783008495748
frac_814,2.032708755622189
frac_815,2.1715156971514245
frac_816,2.167415412293853
frac_817,2.1256021139430286
frac_818,2.187077581209395
frac_819,2.1606745877061466
frac_820,2.3518806246876567
frac_821,2.3395020589705147
frac_822,2.331561004497751
frac_823,2.351157981009495
frac_824,2.2693921589205397
frac_825,1.8267362968515741
frac_826,1.8686769615192405
frac_827,1.8256698550724637
frac_828,1.8013562218890553
frac_829,1.8418240579710146
frac_830,1.9290297301349326
frac_831,1.9762310544727637
frac_832,2.0202687706146927
frac_833,1.9861884257871063
frac_834,1.9905795552223888
frac_835,2.0766057371314344
frac_836,2.1393935782108944
frac_837,2.124400779610195
frac_838,2.175837741129435
frac_839,2.1327577861069464
frac_840,2.2229250574712647
frac_841,2.280826511744128
frac_842,2.246360794602699
frac_843,2.22074900049975
frac_844,2.2552913693153425
frac_845,2.375626671664168
frac_846,2.3412186856571715
frac_847,2.4140960169915044
frac_848,2.330929375312344
frac_849,2.370198350824588
frac_850,1.9228216591704148
frac_851,1.94935131934033
frac_852,1.9455615492253873
frac_853,1.9183355972013993
frac_854,1.8957540529735133
frac_855,2.003154492753623
frac_856,2.0442554572713645
frac_857,2.039820024987506
frac_858,2.096077586206896
frac_859,2.0529439430284855
frac_860,2.196155112443778
frac_861,2.129649180409795
frac_862,2.2183741279360323
frac_863,2.1548233933033485
frac_864,2.187672088955522
frac_865,2.3052970664667662
frac_866,2.318163813093453
frac_867,2.2900784107946026
frac_868,2.3296718590704653
frac_869,2.302056446776612
frac_870,2.4900643128435784
frac_871,2.478332783608196
frac_872,2.4039230284857576
frac_873,2.438307851074463
frac_874,2.440221344327836
frac_875,1.6899008445777113
frac_876,1.6644505847076463
frac_877,1.6902975047476263
frac_878,1.7217042028985508
frac_879,1.7050956421789105
frac_880,1.8540021189405298
frac_881,1.8611821939030484
frac_882,1.8277952573713143
frac_883,1.8160049225387307
frac_884,1.8445749925037482
frac_885,1.986131364317841
frac_886,1.9669704497751124
frac_887,1.962515672163918
frac_888,1.9942412143928037
frac_889,1.9874967516241877
frac_890,2.0771317041479262
frac_891,2.0936966866566715
frac_892,2.1207740279860072
frac_893,2.1301166466766617
frac_894,2.1344067016491755
frac_895,2.251674932533733
frac_896,2.236838275862069
frac_897,2.216187271364318
frac_898,2.235445217391304
frac_899,2.2398013343328333
frac_900,1.8132146226886556
frac_901,1.7706381009495251
frac_902,1.7645652423788107
frac_903,1.7760591004497752
frac_904,1.746288535732134
frac_905,1.9148625987006496
frac_906,1.9252754622688657
frac_907,1.8813587706146926
frac_908,1.93358992003998
frac_909,1.9419248525737132
frac_910,2.037976206896552
frac_911,2.086001189405297
frac_912,2.0562636881559224
frac_913,2.026417816091954
frac_914,2.0273504197901047
frac_915,2.1811483408295853
frac_916,2.160717351324338
frac_917,2.1958900049975014
frac_918,2.224056381809095
frac_919,2.1625465817091456
frac_920,2.308886236881559
frac_921,2.3354621489255374
frac_922,2.3243550074962522
frac_923,2.261625767116442
frac_924,2.284940769615192
frac_925,1.8610106346826585
frac_926,1.837764587706147
frac_927,1.8153299300349826
frac_928,1.864526031984008
frac_929,1.8640986856571715
frac_930,2.0041828585707147
frac_931,2.005658030984508
frac_932,2.025011224387806
frac_933,1.9871483208395802
frac_934,2.0243255972013996
frac_935,2.0952377061469263
frac_936,2.103054967516242
frac_937,2.0985239530234883
frac_938,2.1195880609695155
frac_939,2.114525312343828
frac_940,2.285682133933033
frac_941,2.267762288855572
frac_942,2.2413496551724137
frac_943,2.2537456271864067
frac_944,2.2141373363318344
frac_945,2.357608275862069
frac_946,2.3639116791604198
frac_947,2.3786636681659172
frac_948,2.399090954522739
frac_949,2.3692527936031986
frac_950,1.935352928535732
frac_951,1.9783070914542729
frac_952,1.9265818690654672
frac_953,1.9273255822088955
frac_954,1.9220625537231384
frac_955,2.0542483958020985
frac_956,2.084635512243878
frac_957,2.0737167816091953
frac_958,2.0184368215892055
frac_959,2.0360367216391806
frac_960,2.1719243128435783
frac_961,2.186117431284358
frac_962,2.2205910694652675
frac_963,2.2288378660669665
frac_964,2.151153863068466
frac_965,2.3399101699150426
frac_966,2.3145744577711147
frac_967,2.3392401499250375
frac_968,2.3212481259370312
frac_969,2.3209770064967516
frac_970,2.459189435282359
frac_971,2.4386821639180414
frac_972,2.4912899950024987
frac_973,2.441066151924038
frac_974,2.454209565217391
frac_975,1.9952228285857072
frac_976,1.966001739130435
frac_977,2.0085039780109946
frac_978,1.9571066016991503
frac_979,1.9927258670664667
frac_980,2.0828726986506747
frac_981,2.1258265117441284
frac_982,2.14457091954023
frac_983,2.149855167416292
frac_984,2.1250652623688158
frac_985,2.268399195402299
frac_986,2.2417733933033483
frac_987,2.2489797701149428
frac_988,2.2650837281359317
frac_989,2.2605671914042977
frac_990,2.375991574212893
frac_991,2.381875317341329
frac_992,2.3573129085457274
frac_993,2.442133033483258
frac_994,2.401052463768116
frac_995,2.4963995002498747
frac_996,2.5405370664667672
frac_997,2.522688070964518
frac_998,2.491243273363319
frac_999,2.466393208395802
frac_1000,1.7945316741629185
frac_1001,1.7455391354322838
frac_1002,1.7832335732133933
frac_1003,1.770424547726137
frac_1004,1.782999860069965
frac_1005,1.9191546976511744
frac_1006,1.9117252723638178
frac_1007,1.8828659070464768
frac_1008,1.8845968065967016
frac_1009,1.9015795502248873
frac_1010,2.043154987506247
frac_1011,2.0352998700649674
frac_1012,2.047353543228386
frac_1013,2.0572789505247373
frac_1014,2.0414817141429284
frac_1015,2.165532643678161
frac_1016,2.211315217391304
frac_1017,2.1806119690154917
frac_1018,2.19343668165917
frac_1019,2.160509180409795
frac_1020,2.3142471664167914
frac_1021,2.3312668915542227
frac_1022,2.2893158320839575
frac_1023,2.273507421289356
frac_1024,2.3305887756121937
frac_1025,1.8490098950524738
frac_1026,1.8459484107946027
frac_1027,1.8398414542728636
frac_1028,1.8366944177911042
frac_1029,1.8717311944027986
frac_1030,1.9717493903048473
frac_1031,1.9854388855572214
frac_1032,1.984188230884558
frac_1033,1.9547645327336332
frac_1034,1.939659420289855
frac_1035,2.1265569265367317
frac_1036,2.1005665517241376
frac_1037,2.1342089205397303
frac_1038,2.1069660519740134
frac_1039,2.1074789855072464
frac_1040,2.2275274062968515
frac_1041,2.203050699650175
frac_1042,2.26400888055972
frac_1043,2.281243783108446
frac_1044,2.2760398300849576
frac_1045,2.410341764117941
frac_1046,2.3714288255872065
frac_1047,2.406739775112444
frac_1048,2.3695845377311344
frac_1049,2.4052966966516744
frac_1050,1.930305412293853
frac_1051,1.9288188305847076
frac_1052,1.9611164867566218
frac_1053,1.9342625137431284
frac_1054,1.9005969215392304
frac_1055,2.0016201849075466
frac_1056,2.0541725187406294
frac_1057,2.0639063868065963
frac_1058,2.036191304347826
frac_1059,2.0595837981009493
frac_1060,2.220748935532234
frac_1061,2.2043969615192403
frac_1062,2.2028985907046477
frac_1063,2.192861714142928
frac_1064,2.2377145577211395
frac_1065,2.3344783858070968
frac_1066,2.3021663718140934
frac_1067,2.334928150924538
frac_1068,2.3041977611194406
frac_1069,2.322358380809595
frac_1070,2.389345892053973
frac_1071,2.4457207346326832
frac_1072,2.4134553173413296
frac_1073,2.4566071464267867
frac_1074,2.4216756171914042
frac_1075,1.9575942628685656
frac_1076,2.0051140929535234
frac_1077,1.938436371814093
frac_1078,1.9884722538730635
frac_1079,2.005994412793603
frac_1080,2.13030223888056
frac_1081,2.108656326836582
frac_1082,2.15149351824088
frac_1083,2.092439870064968
frac_1084,2.100528625687156
frac_1085,2.214527856071964
frac_1086,2.2541729835082456
frac_1087,2.265742443778111
frac_1088,2.259822738630685
frac_1089,2.212894622688656
frac_1090,2.4294422488755623
frac_1091,2.391572923538231
frac_1092,2.3747528535732134
frac_1093,2.4287883858070964
frac_1094,2.337200074962519
frac_1095,2.5039316091954023
frac_1096,2.4506845827086456
frac_1097,2.467548735632184
frac_1098,2.523568675662169
frac_1099,2.4908156221889053
frac_1100,2.0616775262368816
frac_1101,2.0699010694652675
frac_1102,2.064447301349325
frac_1103,2.063650374812594
frac_1104,2.0418970614692653
frac_1105,2.1606721539230387
frac_1106,2.2177026636681663
frac_1107,2.196695322338831
frac_1108,2.234397111444278
frac_1109,2.2369696451774113
frac_1110,2.3421486706646673
frac_1111,2.290799390304848
frac_1112,2.3128737781109443
frac_1113,2.317055792103948
frac_1114,2.3071137181409296
frac_1115,2.4707412943528237
frac_1116,2.461215797101449
frac_1117,2.4433018790604697
frac_1118,2.4549079460269865
frac_1119,2.466742163918041
frac_1120,2.554477131434283
frac_1121,2.5397081209395305
frac_1122,2.544959355322339
frac_1123,2.555211024487756
frac_1124,2.528064977511245
frac_1125,1.8240846076961519
frac_1126,1.8526395202398802
frac_1127,1.8321998100949526
frac_1128,1.8517231334332833
frac_1129,1.8506646276861571
frac_1130,2.006276171914043
frac_1131,1.9953666216891555
frac_1132,1.9833024537731134
frac_1133,1.9508294552723637
frac_1134,1.9882558820589704
frac_1135,2.0907376211894055
frac_1136,2.102896406796602
frac_1137,2.1308967516241877
frac_1138,2.161885197401299
frac_1139,2.141969310344827
frac_1140,2.2517162768615697
frac_1141,2.2433119940029984
frac_1142,2.268182178910545
frac_1143,2.296102368815592
frac_1144,2.24938904047976
frac_1145,2.399337906046976
frac_1146,2.346040489755122
frac_1147,2.330969205397301
frac_1148,2.342797816091954
frac_1149,2.366093428285857
frac_1150,1.9203285207396301
frac_1151,1.9566354972513742
frac_1152,1.9327136781609195
frac_1153,1.9160832733633182
frac_1154,1.9266783908045977
frac_1155,2.058989265367316
frac_1156,2.0219377411294355
frac_1157,2.073397101449275
frac_1158,2.0337936731634185
frac_1159,2.007875907046477
frac_1160,2.161301409295352
frac_1161,2.2021277661169414
frac_1162,2.203336276861569
frac_1163,2.2174752923538232
frac_1164,2.2182014842578712
frac_1165,2.350036756621689
frac_1166,2.3335829685157417
frac_1167,2.340374727636182
frac_1168,2.2881533183408296
frac_1169,2.285667391304348
frac_1170,2.431935567216392
frac_1171,2.4535134782608696
frac_1172,2.400429900049975
frac_1173,2.4174650224887553
frac_1174,2.4825122638680663
frac_1175,2.015957416291854
frac_1176,2.017640464767616
frac_1177,1.9855357871064467
frac_1178,2.0331277861069466
frac_1179,2.003046786606697
frac_1180,2.1289673513243375
frac_1181,2.121760784607696
frac_1182,2.1037714542728634
frac_1183,2.108455582208895
frac_1184,2.1452735982008995
frac_1185,2.2250718140929537
frac_1186,2.250103983008496
frac_1187,2.267051389305347
frac_1188,2.2355215142428784
frac_1189,2.2852568815592207
frac_1190,2.406303593203398
frac_1191,2.3962548025987007
frac_1192,2.3185346926536727
frac_1193,2.3724507496251874
frac_1194,2.4345908595702146
frac_1195,2.528352348825587
frac_1196,2.4900863218390805
frac_1197,2.46709976011994
frac_1198,2.548938095952024
frac_1199,2.5376723888055968
frac_1200,2.0692145877061474
frac_1201,2.0609153423288356
frac_1202,2.0508789505247376
frac_1203,2.0264096201899053
frac_1204,2.081484882558721
frac_1205,2.16561203898051
frac_1206,2.190182043978011
frac_1207,2.187593763118441
frac_1208,2.1929669015492252
frac_1209,2.249605772113943
frac_1210,2.262144072963518
frac_1211,2.323179955022489
frac_1212,2.3278396101949026
frac_1213,2.3244132283858074
frac_1214,2.3427234532733636
frac_1215,2.4615948475762117
frac_1216,2.4078233433283356
frac_1217,2.4553030634682655
frac_1218,2.434691979010495
frac_1219,2.4912019990005003
frac_1220,2.5625455222388807
frac_1221,2.4923691654172915
frac_1222,2.4856965117441283
frac_1223,2.608612263868066
frac_1224,2.5365296651674165
frac_1225,2.1456040829585206
frac_1226,2.10488123938031
frac_1227,2.144621179410295
frac_1228,2.1534461269365317
frac_1229,2.1143440729635183
frac_1230,2.253827751124438
frac_1231,2.263654687656172
frac_1232,2.2558006346826587
frac_1233,2.184151964017991
frac_1234,2.2575287256371817
frac_1235,2.3941480959520236
frac_1236,2.414289235382309
frac_1237,2.386464507746127
frac_1238,2.36210688155922
frac_1239,2.381551164417791
frac_1240,2.5172248975512246
frac_1241,2.524822463768116
frac_1242,2.532103443278361
frac_1243,2.4696950274862566
frac_1244,2.5077984857571214
frac_1245,2.6810133433283356
frac_1246,2.6043860619690156
frac_1247,2.658404507746127
frac_1248,2.569222923538231
frac_1249,2.5928136981509247
frac_1250,1.6089387191404299
frac_1251,1.6036680684657671
frac_1252,1.6145580394802597
frac_1253,1.5934058010994503
frac_1254,1.5699757801099452
frac_1255,1.7237349220389804
frac_1256,1.7853817691154423
frac_1257,1.7316052013993004
frac_1258,1.7733331584207894
frac_1259,1.729476791604198
frac_1260,1.8629022838580709
frac_1261,1.8722165667166415
frac_1262,1.866315687156422
frac_1263,1.8702566066966515
frac_1264,1.8549945827086458
frac_1265,2.0240575012493753
frac_1266,2.0342192253873064
frac_1267,2.0522850124937535
frac_1268,1.9654426836581709
frac_1269,1.966387071464268
frac_1270,2.1214756421789107
frac_1271,2.1251746376811593
frac_1272,2.1028551024487756
frac_1273,2.176687351324338
frac_1274,2.1302738730634685
frac_1275,1.6855672648675661
frac_1276,1.6751673898050976
frac_1277,1.6518292953523237
frac_1278,1.6401388550724638
frac_1279,1.6591171614192903
frac_1280,1.8164514742628686
frac_1281,1.8311951824087955
frac_1282,1.83001055972014
frac_1283,1.8202350574712645
frac_1284,1.7873697351324338
frac_1285,1.929340924537731
frac_1286,1.9095763018490755
frac_1287,1.9117667966016991
frac_1288,1.915134327836082
frac_1289,1.9731307596201901
frac_1290,2.087548170914543
frac_1291,2.0768143728135935
frac_1292,2.0895662268865562
frac_1293,2.128081744127936
frac_1294,2.0198015742128934
frac_1295,2.1704165067466272
frac_1296,2.202872933533233
frac_1297,2.2398319590204894
frac_1298,2.2205588755622188
frac_1299,2.2258382408795603
frac_1300,1.767323500249875
frac_1301,1.7457470314842578
frac_1302,1.7196074012993503
frac_1303,1.7092751374312845
frac_1304,1.7807146376811596
frac_1305,1.9334901099450275
frac_1306,1.8935984457771113
frac_1307,1.886254127936032
frac_1308,1.8968191209395302
frac_1309,1.8731089655172415
frac_1310,2.0416709095452275
frac_1311,2.012604137931034
frac_1312,2.0446247426286854
frac_1313,2.0652161519240377
frac_1314,2.0212363018490755
frac_1315,2.188053823088456
frac_1316,2.21329980009995
frac_1317,2.1319481609195403
frac_1318,2.100262403798101
frac_1319,2.117556836581709
frac_1320,2.271465212393803
frac_1321,2.2574646726636685
frac_1322,2.3343325787106446
frac_1323,2.3107030534732633
frac_1324,2.313055012493753
frac_1325,1.835228055972014
frac_1326,1.8267283258370814
frac_1327,1.8159257171414291
frac_1328,1.7852428585707147
frac_1329,1.8297688005997002
frac_1330,1.9383708695652173
frac_1331,1.9560337231384306
frac_1332,1.9834263718140932
frac_1333,1.9173002648675663
frac_1334,1.968621579210395
frac_1335,2.0693570064967517
frac_1336,2.0831772063968015
frac_1337,2.091828230884558
frac_1338,2.164266206896552
frac_1339,2.124587976011994
frac_1340,2.262203478260869
frac_1341,2.2369694252873566
frac_1342,2.2237644077961023
frac_1343,2.209473463268366
frac_1344,2.18966011994003
frac_1345,2.3333041579210394
frac_1346,2.327177916041979
frac_1347,2.294083778110944
frac_1348,2.3548518990504745
frac_1349,2.407198660669665
frac_1350,1.9230253523238379
frac_1351,1.8827674812593704
frac_1352,1.8748149025487257
frac_1353,1.8738921439280363
frac_1354,1.9139388455772113
frac_1355,2.0223801649175415
frac_1356,2.05615163918041
frac_1357,2.0489325337331334
frac_1358,2.055607541229385
frac_1359,1.996736271864068
frac_1360,2.1673019790104946
frac_1361,2.1461889255372313
frac_1362,2.1655276861569215
frac_1363,2.1644467266366814
frac_1364,2.1775038730634684
frac_1365,2.259060654672664
frac_1366,2.296473703148426
frac_1367,2.3179927086456775
frac_1368,2.281894287856072
frac_1369,2.2781458620689663
frac_1370,2.399283308345827
frac_1371,2.4538903148425786
frac_1372,2.3896189105447276
frac_1373,2.4070898550724635
frac_1374,2.427070824587706
frac_1375,1.6473269260369816
frac_1376,1.6830197751124438
frac_1377,1.6412939930034982
frac_1378,1.6502223398300848
frac_1379,1.6684766091954024
frac_1380,1.8358799950024989
frac_1381,1.8125841929035482
frac_1382,1.7842563618190905
frac_1383,1.7890321589205396
frac_1384,1.8360344627686156
frac_1385,1.9806958620689656
frac_1386,1.9598612793603198
frac_1387,1.9506385007496252
frac_1388,1.9343966666666665
frac_1389,1.9298546776611696
frac_1390,2.0636613293353325
frac_1391,2.0953086456771612
frac_1392,2.04605896051974
frac_1393,2.0976360869565216
frac_1394,2.0729445277361322
frac_1395,2.1930423688155924
frac_1396,2.2231351174412795
frac_1397,2.1912497101449273
frac_1398,2.1966543078460767
frac_1399,2.239411754122939
frac_1400,1.7508106746626686
frac_1401,1.7741596751624187
frac_1402,1.7492418655672164
frac_1403,1.7687643928035983
frac_1404,1.7418553073463268
frac_1405,1.8676869165417291
frac_1406,1.8952325487256374
frac_1407,1.8633208545727136
frac_1408,1.8943477661169414
frac_1409,1.8973241179410294
frac_1410,1.9817633583208398
frac_1411,2.0613514492753624
frac_1412,2.015484222888556
frac_1413,2.0547023788105947
frac_1414,2.0211983608195903
frac_1415,2.125963693153423
frac_1416,2.1301879910044974
frac_1417,2.13261948025987
frac_1418,2.143815352323838
frac_1419,2.1157734532733636
frac_1420,2.2888781059470262
frac_1421,2.326965967016492
frac_1422,2.2310518990504744
frac_1423,2.2814536431784105
frac_1424,2.2344852623688154
frac_1425,1.7940547826086957
frac_1426,1.8084373013493253
frac_1427,1.8295215342328834
frac_1428,1.809659860069965
frac_1429,1.841073043478261
frac_1430,1.9523613993003497
frac_1431,1.9590499500249874
frac_1432,1.9500845777111444
frac_1433,1.9394003798100952
frac_1434,1.9405526036981509
frac_1435,2.1007902098950524
frac_1436,2.150127991004498
frac_1437,2.089064672663668
frac_1438,2.1168418340829587
frac_1439,2.071371589205397
frac_1440,2.209951804097951
frac_1441,2.221795852073963
frac_1442,2.2332073313343326
frac_1443,2.1831652323838084
frac_1444,2.264582823588206
frac_1445,2.3818473663168414
frac_1446,2.3537350224887557
frac_1447,2.346256431784108
frac_1448,2.3417543228385806
frac_1449,2.3530698850574714
frac_1450,1.9001552923538234
frac_1451,1.8790280659670164
frac_1452,1.8915922288855571
frac_1453,1.9251359370314842
frac_1454,1.9021454972513743
frac_1455,2.060033253373313
frac_1456,1.98870167916042
frac_1457,2.0596589055472267
frac_1458,2.0224748025987003
frac_1459,2.0682693153423286
frac_1460,2.2007127986006996
frac_1461,2.1712902348825587
frac_1462,2.1421747576211896
frac_1463,2.1671463068465764
frac_1464,2.1326687256371812
frac_1465,2.2509219940029985
frac_1466,2.259673128435782
frac_1467,2.278178150924538
frac_1468,2.273614822588706
frac_1469,2.3130001249375316
frac_1470,2.4239127186406795
frac_1471,2.4049981159420293
frac_1472,2.41552824087956
frac_1473,2.4579641929035487
frac_1474,2.4523189255372317
frac_1475,1.992681204397801
frac_1476,1.9755901349325335
frac_1477,2.018114407796102
frac_1478,1.9724937331334333
frac_1479,1.9666849275362317
frac_1480,2.04558147926037
frac_1481,2.1008583508245877
frac_1482,2.119330699650175
frac_1483,2.0693116641679157
frac_1484,2.066439465267366
frac_1485,2.2048907146426786
frac_1486,2.2127179960019987
frac_1487,2.2621087256371815
frac_1488,2.2049445577211393
frac_1489,2.2120582858570716
frac_1490,2.305999190404797
frac_1491,2.3596522938530735
frac_1492,2.3667201949025487
frac_1493,2.2776221489255373
frac_1494,2.4146371614192903
frac_1495,2.44435183908046
frac_1496,2.475846071964018
frac_1497,2.5069170364817595
frac_1498,2.5131472213893056
frac_1499,2.4785409745127436
frac_1500,1.7762600549725138
frac_1501,1.757497651174413
frac_1502,1.7590791154422787
frac_1503,1.7243526236881561
frac_1504,1.776189060469765
frac_1505,1.8974534132933534
frac_1506,1.9089167516241876
frac_1507,1.8636619990004997
frac_1508,1.8683648325837081
frac_1509,1.861599035482259
frac_1510,2.014206571714143
frac_1511,2.063117811094453
frac_1512,2.0832298950524737
frac_1513,2.042885137431284
frac_1514,2.0568526136931538
frac_1515,2.1514506546726637
frac_1516,2.1090654972513745
frac_1517,2.0877858170914543
frac_1518,2.151076576711644
frac_1519,2.1335368465767117
frac_1520,2.246830814592704
frac_1521,2.27603083958021
frac_1522,2.260551549225387
frac_1523,2.2526820989505247
frac_1524,2.2895055672163918
frac_1525,1.8235568265867066
frac_1526,1.8105707596201899
frac_1527,1.8206625787106445
frac_1528,1.7648719140429785
frac_1529,1.833211924037981
frac_1530,1.966977116441779
frac_1531,1.9460474512743628
frac_1532,1.9221575262368815
frac_1533,1.9655819340329834
frac_1534,1.954054792603698
frac_1535,2.115544732633683
frac_1536,2.1176279310344825
frac_1537,2.0794975862068967
frac_1538,2.088617311344328
frac_1539,2.096135702148925
frac_1540,2.277013568215892
frac_1541,2.201489435282359
frac_1542,2.2653111944027984
frac_1543,2.208085467266367
frac_1544,2.214919765117441
frac_1545,2.4015125537231383
frac_1546,2.3396527186406795
frac_1547,2.3755303298350827
frac_1548,2.350055757121439
frac_1549,2.3489271614192906
frac_1550,1.904605542228886
frac_1551,1.9367632933533234
frac_1552,1.8568351474262865
frac_1553,1.8932809245377313
frac_1554,1.9135877261369314
frac_1555,2.0540323238380807
frac_1556,2.0411406296851573
frac_1557,2.05045387806097
frac_1558,2.0138092953523237
frac_1559,2.0225399500249877
frac_1560,2.1988639730134936
frac_1561,2.1715063318340833
frac_1562,2.192486311844078
frac_1563,2.230310859570215
frac_1564,2.1722054872563716
frac_1565,2.2288362418790606
frac_1566,2.337145817091454
frac_1567,2.301901364317841
frac_1568,2.3075334732633683
frac_1569,2.2923025187406294
frac_1570,2.423453488255872
frac_1571,2.4140274162918547
frac_1572,2.4449763418290855
frac_1573,2.423189985007496
frac_1574,2.4126387256371813
frac_1575,1.9165932983508245
frac_1576,1.9607347276361817
frac_1577,1.9711991604197903
frac_1578,1.964494412793603
frac_1579,1.9811849825087455
frac_1580,2.112826831584208
frac_1581,2.073252863568216
frac_1582,2.10896912043978
frac_1583,2.1235051424287854
frac_1584,2.0713206996501747
frac_1585,2.243564392803598
frac_1586,2.2634355972013998
frac_1587,2.186913508245877
frac_1588,2.2099398250874565
frac_1589,2.223996031984008
frac_1590,2.325549435282359
frac_1591,2.3568509545227387
frac_1592,2.3792821689155423
frac_1593,2.3692181659170415
frac_1594,2.360435712143928
frac_1595,2.4794841029485255
frac_1596,2.5338229785107447
frac_1597,2.4914047076461765
frac_1598,2.4603956471764117
frac_1599,2.454811489255372
frac_1600,2.076009195402299
frac_1601,2.0711138780609692
frac_1602,2.0141314492753626
frac_1603,2.013019175412294
frac_1604,2.0200249575212395
frac_1605,2.153480734632683
frac_1606,2.164804267866067
frac_1607,2.169143553223388
frac_1608,2.123343373313343
frac_1609,2.1571331534232887
frac_1610,2.2781835132433783
frac_1611,2.301264012993503
frac_1612,2.292692363818091
frac_1613,2.321064077961019
frac_1614,2.2572070764617687
frac_1615,2.4503860719640183
frac_1616,2.329849855072464
frac_1617,2.404185472263868
frac_1618,2.3766286906546727
frac_1619,2.4794542228885557
frac_1620,2.547192568715642
frac_1621,2.5876132933533236
frac_1622,2.5829368215892052
frac_1623,2.5062109345327337
frac_1624,2.5415557421289354
frac_1625,1.8113063968015992
frac_1626,1.8002930484757622
frac_1627,1.8296775962018992
frac_1628,1.801555212393803
frac_1629,1.845570299850075
frac_1630,1.9421752573713145
frac_1631,1.9673076311844078
frac_1632,1.946467776111944
frac_1633,1.92073856071964
frac_1634,1.9525525787106446
frac_1635,2.061773653173413
frac_1636,2.0850639530234885
frac_1637,2.069828655672164
frac_1638,2.0577255172413795
frac_1639,2.0546446376811596
frac_1640,2.2209759720139934
frac_1641,2.2106925337331336
frac_1642,2.2240863768115937
frac_1643,2.225626616691654
frac_1644,2.2516981659170416
frac_1645,2.382124907546227
frac_1646,2.329985402298851
frac_1647,2.3742758620689655
frac_1648,2.3350698300849575
frac_1649,2.3625601149425286
frac_1650,1.9310132183908046
frac_1651,1.8370332533733131
frac_1652,1.8940088255872063
frac_1653,1.8683339780109944
frac_1654,1.8918821739130436
frac_1655,2.0213557671164417
frac_1656,2.084610789605197
frac_1657,2.004785162418791
frac_1658,2.017658700649675
frac_1659,2.0394660419790105
frac_1660,2.1565313893053477
frac_1661,2.1877315892053972
frac_1662,2.1576191104447773
frac_1663,2.113768175912044
frac_1664,2.1447868565717143
frac_1665,2.2601784107946026
frac_1666,2.2810639480259876
frac_1667,2.251175737131434
frac_1668,2.256347196401799
frac_1669,2.2760505947026486
frac_1670,2.412963348325837
frac_1671,2.394741264367816
frac_1672,2.4284394302848575
frac_1673,2.4051813693153425
frac_1674,2.3678073413293355
frac_1675,2.017542423788106
frac_1676,1.9444048375812095
frac_1677,1.9577268815592206
frac_1678,1.9556843178410797
frac_1679,1.9309692353823091
frac_1680,2.1281335982008995
frac_1681,2.0494889855072462
frac_1682,2.0624268265867065
frac_1683,2.1068508295852073
frac_1684,2.071854947526237
frac_1685,2.256640309845077
frac_1686,2.2377688405797103
frac_1687,2.2122300099950025
frac_1688,2.1849369115442276
frac_1689,2.202342538730635
frac_1690,2.381848295852074
frac_1691,2.3690868065967017
frac_1692,2.3105705497251376
frac_1693,2.3402687806096947
frac_1694,2.3305274062968513
frac_1695,2.5183834882558718
frac_1696,2.417174852573713
frac_1697,2.4795390654672667
frac_1698,2.467038380809595
frac_1699,2.4442785257371313
frac_1700,2.0461332783608195
frac_1701,2.0366471464267866
frac_1702,2.0754564017991006
frac_1703,2.0372633883058473
frac_1704,2.046598735632184
frac_1705,2.190421984007996
frac_1706,2.1516806946526743
frac_1707,2.138764457771114
frac_1708,2.1608803398300847
frac_1709,2.171566566716642
frac_1710,2.2837505447276363
frac_1711,2.2960617741129434
frac_1712,2.3067910144927537
frac_1713,2.2906448975512244
frac_1714,2.2838598700649677
frac_1715,2.466604142928536
frac_1716,2.449045342328836
frac_1717,2.4588588405797105
frac_1718,2.439390564717641
frac_1719,2.4181846976511743
frac_1720,2.4859101899050478
frac_1721,2.5640389055472266
frac_1722,2.5278329585207397
frac_1723,2.5484617941029484
frac_1724,2.4813210394802603
frac_1725,2.1139590254872562
frac_1726,2.061087971014493
frac_1727,2.1011775062468767
frac_1728,2.1073940429785107
frac_1729,2.104173828085957
frac_1730,2.1902671564217893
frac_1731,2.2478426086956524
frac_1732,2.1974003698150923
frac_1733,2.2733483008495754
frac_1734,2.2319511044477762
frac_1735,2.3336026186906547
frac_1736,2.3535213843078457
frac_1737,2.388484337831084
frac_1738,2.3540291854072963
frac_1739,2.410624612693653
frac_1740,2.4989755822088955
frac_1741,2.4917058820589704
frac_1742,2.4645035332333833
frac_1743,2.5273233583208397
frac_1744,2.5286641379310346
frac_1745,2.6253200849575213
frac_1746,2.64379011994003
frac_1747,2.6191447276361823
frac_1748,2.5987982208895546
frac_1749,2.587725662168915
frac_1750,1.849537956021989
frac_1751,1.9200455922038981
frac_1752,1.8852534432783608
frac_1753,1.889379915042479
frac_1754,1.8760621539230387
frac_1755,2.0314139980009993
frac_1756,2.0558534682658673
frac_1757,2.0183773463268366
frac_1758,2.0340522788605697
frac_1759,2.0587310294852577
frac_1760,2.1755410194902547
frac_1761,2.1337315342328833
frac_1762,2.1822350024987505
frac_1763,2.234749430284858
frac_1764,2.123752933533233
frac_1765,2.342473513243378
frac_1766,2.3505664567716145
frac_1767,2.2203214742628683
frac_1768,2.3043817291354327
frac_1769,2.343631449275362
frac_1770,2.4007125337331336
frac_1771,2.413838980509745
frac_1772,2.4168128035982006
frac_1773,2.405501349325337
frac_1774,2.3623926936531734
frac_1775,1.9693555872063966
frac_1776,1.9398008395802098
frac_1777,1.949496111944028
frac_1778,1.962363148425787
frac_1779,1.9894452323838079
frac_1780,2.1092354622688654
frac_1781,2.091143248375812
frac_1782,2.10070732133933
frac_1783,2.0902891154422787
frac_1784,2.1166148425787106
frac_1785,2.220244032983508
frac_1786,2.223918095952024
frac_1787,2.2863452223888054
frac_1788,2.268217236381809
frac_1789,2.183745322338831
frac_1790,2.308418285857072
frac_1791,2.3610152073963016
frac_1792,2.353289980009995
frac_1793,2.329479865067466
frac_1794,2.3181439180409797
frac_1795,2.474953408295852
frac_1796,2.450306836581709
frac_1797,2.478154612693653
frac_1798,2.4576664017991003
frac_1799,2.5264158970514745
frac_1800,2.0281088655672166
frac_1801,2.00831728135932
frac_1802,2.0101825387306347
frac_1803,2.028491969015492
frac_1804,2.0110980209895053
frac_1805,2.1395084057971014
frac_1806,2.126477511244378
frac_1807,2.1161444777611194
frac_1808,2.146811304347826
frac_1809,2.169914342828586
frac_1810,2.305247396301849
frac_1811,2.323890004997501
frac_1812,2.2916830784607694
frac_1813,2.313186061969015
frac_1814,2.3282714042978507
frac_1815,2.393008805597202
frac_1816,2.454493303348326
frac_1817,2.4241905397301347
frac_1818,2.410841484257871
frac_1819,2.4221043828085955
frac_1820,2.497874462768616
frac_1821,2.583731139430285
frac_1822,2.542579335332334
frac_1823,2.5557606996501745
frac_1824,2.5843886056971517
frac_1825,2.0835094702648678
frac_1826,2.104780669665167
frac_1827,2.0219244627686153
frac_1828,2.0477880759620186
frac_1829,2.080802403798101
frac_1830,2.241997016491754
frac_1831,2.2270037231384308
frac_1832,2.2245235832083954
frac_1833,2.229504362818591
frac_1834,2.25043928035982
frac_1835,2.417666936531734
frac_1836,2.39773932033983
frac_1837,2.41921528235882
frac_1838,2.2828001949025487
frac_1839,2.3629157721139435
frac_1840,2.501747266366816
frac_1841,2.4743686156921543
frac_1842,2.524768235882059
frac_1843,2.4851421739130437
frac_1844,2.491120899550225
frac_1845,2.609971204397801
frac_1846,2.6378846526736632
frac_1847,2.6244040929535233
frac_1848,2.550313583208396
frac_1849,2.630605952023988
frac_1850,2.1863636731634184
frac_1851,2.1894735332333832
frac_1852,2.1434942128935535
frac_1853,2.10232339830085
frac_1854,2.1510612293853075
frac_1855,2.303993128435782
frac_1856,2.278331419290355
frac_1857,2.3161906696651675
frac_1858,2.268169095452274
frac_1859,2.2695098200899553
frac_1860,2.41564483758121
frac_1861,2.4136287206396805
frac_1862,2.4241932983508243
frac_1863,2.4342772813593205
frac_1864,2.410787476261869
frac_1865,2.4950506896551725
frac_1866,2.5757018240879557
frac_1867,2.548751094452774
frac_1868,2.5473555322338832
frac_1869,2.5322530384807593
frac_1870,2.6634114492753618
frac_1871,2.618291209395302
frac_1872,2.6793282408795602
frac_1873,2.6061098450774614
frac_1874,2.6972624287856073
frac_1875,1.6128450674662669
frac_1876,1.6538706321839078
frac_1877,1.6072682773613196
frac_1878,1.666276375312344
frac_1879,1.623335872063968
frac_1880,1.817206111944028
frac_1881,1.8286635982008996
frac_1882,1.8168410994502746
frac_1883,1.7827833133433282
frac_1884,1.7536868765617193
frac_1885,1.9870799200399798
frac_1886,1.9543674212893556
frac_1887,1.8842863618190906
frac_1888,1.965355432283858
frac_1889,1.9218255422288855
frac_1890,2.0216055372313844
frac_1891,2.0516787756121935
frac_1892,2.062822583708146
frac_1893,2.0421947726136933
frac_1894,2.046005172413793
frac_1895,2.180517541229385
frac_1896,2.2103163618190904
frac_1897,2.204405867066467
frac_1898,2.223454932533733
frac_1899,2.2522815192403796
frac_1900,1.6962403998000997
frac_1901,1.738640859570215
frac_1902,1.7178095802098952
frac_1903,1.7138668865567215
frac_1904,1.7275323588205898
frac_1905,1.8727095852073963
frac_1906,1.861882003998001
frac_1907,1.8534912793603198
frac_1908,1.877783388305847
frac_1909,1.8809747976011995
frac_1910,2.001828150924538
frac_1911,2.017081384307846
frac_1912,1.9619051174412794
frac_1913,2.0092685857071464
frac_1914,2.057502103948026
frac_1915,2.1535475762118943
frac_1916,2.1238626336831588
frac_1917,2.1431229935032485
frac_1918,2.1464842578710646
frac_1919,2.1014922838580707
frac_1920,2.272594372813593
frac_1921,2.239241864067966
frac_1922,2.278019215392304
frac_1923,2.276773228385807
frac_1924,2.230359100449775
frac_1925,1.7956106996501748
frac_1926,1.7663811894052974
frac_1927,1.8282077811094453
frac_1928,1.797297151424288
frac_1929,1.7935781109445277
frac_1930,1.9419711544227887
frac_1931,1.9243549025487257
frac_1932,1.9572724637681158
frac_1933,1.9328196101949024
frac_1934,1.9389388655672164
frac_1935,2.0357109945027485
frac_1936,2.0765391554222887
frac_1937,2.1186941779110446
frac_1938,2.059653488255872
frac_1939,2.0490292353823087
frac_1940,2.2646170414792604
frac_1941,2.1446394702648672
frac_1942,2.205370069965017
frac_1943,2.189574947526237
frac_1944,2.1818381209395303
frac_1945,2.311679780109945
frac_1946,2.2748709395302353
frac_1947,2.338536736631684
frac_1948,2.303718185907046
frac_1949,2.3450607346326837
frac_1950,1.8779488705647178
frac_1951,1.897125952023988
frac_1952,1.8530746976511745
frac_1953,1.8203016591704149
frac_1954,1.845347031484258
frac_1955,1.9945733333333333
frac_1956,2.026548455772114
frac_1957,2.009875377311344
frac_1958,2.0053189005497254
frac_1959,2.007418935532234
frac_1960,2.09986083958021
frac_1961,2.1985368565717143
frac_1962,2.096601969015492
frac_1963,2.1537948575712145
frac_1964,2.1119559420289855
frac_1965,2.2762655922038983
frac_1966,2.2241965817091454
frac_1967,2.2146607646176917
frac_1968,2.2638002148925533
frac_1969,2.255796516741629
frac_1970,2.3994154822588705
frac_1971,2.408047376311844
frac_1972,2.4348713443278363
frac_1973,2.4182198250874563
frac_1974,2.448462043978011
frac_1975,1.925755492253873
frac_1976,1.9419454422788607
frac_1977,1.949301909045477
frac_1978,1.9524079110444776
frac_1979,1.9032551324337832
frac_1980,2.07552251874063
frac_1981,2.0755183958020993
frac_1982,2.0743904547726135
frac_1983,2.0219386556721637
frac_1984,2.0996667066466768
frac_1985,2.1630026736631685
frac_1986,2.162073793103448
frac_1987,2.2092062268865567
frac_1988,2.126309845077462
frac_1989,2.240078715642179
frac_1990,2.360194872563718
frac_1991,2.3513516141929034
frac_1992,2.267647631184408
frac_1993,2.3482596901549226
frac_1994,2.320920849575212
frac_1995,2.384056746626687
frac_1996,2.4991368915542225
frac_1997,2.501619090454773
frac_1998,2.431052373813093
frac_1999,2.4703297001499247
frac_2000,1.6457654572713643
frac_2001,1.723085952023988
frac_2002,1.7205905022488754
frac_2003,1.7431023588205896
frac_2004,1.7646237811094452
frac_2005,1.8596712193903049
frac_2006,1.8834400299850076
frac_2007,1.8829451524237881
frac_2008,1.8545187856071963
frac_2009,1.8467319990004998
frac_2010,2.014459975012494
frac_2011,1.9861148525737131
frac_2012,2.0207136431784107
frac_2013,2.0073979110444777
frac_2014,1.984932003998001
frac_2015,2.0921918690654677
frac_2016,2.1169235132433784
frac_2017,2.0589158720639684
frac_2018,2.131966476761619
frac_2019,2.128538495752124
frac_2020,2.240077196401799
frac_2021,2.269490994502749
frac_2022,2.2150050324837585
frac_2023,2.245950509745127
frac_2024,2.287764187906047
frac_2025,1.7785782908545726
frac_2026,1.7802716691654175
frac_2027,1.7789863868065967
frac_2028,1.8190933283358321
frac_2029,1.8112674112943528
frac_2030,1.9419453023488256
frac_2031,1.9603023938030986
frac_2032,1.928999740129935
frac_2033,1.9508748975512245
frac_2034,1.9276575662168918
frac_2035,2.0231152023988006
frac_2036,2.06771888055972
frac_2037,2.131626191904048
frac_2038,2.082365017491255
frac_2039,2.096563468265867
frac_2040,2.235497516241879
frac_2041,2.236453253373313
frac_2042,2.20066267866067
frac_2043,2.2026458070964514
frac_2044,2.195835287356322
frac_2045,2.3131595152423787
frac_2046,2.2963564167916046
frac_2047,2.3259223038480763
frac_2048,2.373058435782109
frac_2049,2.3104666416791604
frac_2050,1.8602509045477262
frac_2051,1.8403052673663167
frac_2052,1.8382641129435284
frac_2053,1.834154827586207
frac_2054,1.85076123938031
frac_2055,2.0647698400799603
frac_2056,2.025953003498251
frac_2057,2.000835047476262
frac_2058,1.965307416291854
frac_2059,2.0129164467766114
frac_2060,2.145032308845577
frac_2061,2.1112410344827586
frac_2062,2.1057786856571714
frac_2063,2.120559515242379
frac_2064,2.1175263918040983
frac_2065,2.2179330384807594
frac_2066,2.2814014542728636
frac_2067,2.2271072713643183
frac_2068,2.2845756021989003
frac_2069,2.2388702398800597
frac_2070,2.351932498750625
frac_2071,2.376333813093453
frac_2072,2.3365327486256873
frac_2073,2.378376791604198
frac_2074,2.3993866966516744
frac_2075,1.9285654372813592
frac_2076,1.9151820889555222
frac_2077,1.9382369615192403
frac_2078,1.9195653973013493
frac_2079,1.9453993403298353
frac_2080,2.1279176711644174
frac_2081,2.0768708645677165
frac_2082,2.08565616191904
frac_2083,2.0710296851574213
frac_2084,2.0890317591204397
frac_2085,2.2008919340329838
frac_2086,2.1740964617691154
frac_2087,2.1306485957021493
frac_2088,2.1688639530234886
frac_2089,2.1769573713143426
frac_2090,2.355740624687656
frac_2091,2.3218172063968017
frac_2092,2.3276261019490256
frac_2093,2.2620361419290353
frac_2094,2.332475747126437
frac_2095,2.490472993503248
frac_2096,2.5301240579710145
frac_2097,2.4483715942028983
frac_2098,2.4771404297851074
frac_2099,2.4511862068965518
frac_2100,1.9831921789105447
frac_2101,2.000365872063968
frac_2102,2.0010835732133936
frac_2103,1.970652168915542
frac_2104,2.0615790904547726
frac_2105,2.165841049475262
frac_2106,2.1299909595202395
frac_2107,2.1723399450274865
frac_2108,2.153546006996502
frac_2109,2.1559873363318345
frac_2110,2.2691480459770115
frac_2111,2.343541579210395
frac_2112,2.293197731134433
frac_2113,2.314956301849075
frac_2114,2.2577593903048476
frac_2115,2.4041490904547724
frac_2116,2.351557831084458
frac_2117,2.386294652673663
frac_2118,2.3695771514242883
frac_2119,2.45887443778111
frac_2120,2.537598545727136
frac_2121,2.562583633183408
frac_2122,2.4687947126436782
frac_2123,2.5742952073963017
frac_2124,2.494922218890555
frac_2125,1.7933011794102949
frac_2126,1.7706217941029485
frac_2127,1.781231584207896
frac_2128,1.7581653673163418
frac_2129,1.7798701849075462
frac_2130,1.9118797201399302
frac_2131,1.9288249175412293
frac_2132,1.9169066616691655
frac_2133,1.9037692003998
frac_2134,1.9270968415792105
frac_2135,2.05764447776112
frac_2136,2.05748692153923
frac_2137,2.0501845177411293
frac_2138,2.056007051474263
frac_2139,2.0398675262368813
frac_2140,2.2250016491754123
frac_2141,2.2484258620689657
frac_2142,2.170202823588206
frac_2143,2.1702309545227383
frac_2144,2.1733989305347325
frac_2145,2.3599247026486756
frac_2146,2.317215222388805
frac_2147,2.3542098500749624
frac_2148,2.305840734632684
frac_2149,2.25686644177911
frac_2150,1.846165992003998
frac_2151,1.8838902098950525
frac_2152,1.8462156171914044
frac_2153,1.8710800949525235
frac_2154,1.8398485807096452
frac_2155,1.9864382508745626
frac_2156,1.99124928035982
frac_2157,2.031856576711644
frac_2158,1.9928387306346826
frac_2159,2.0070240179910046
frac_2160,2.038545092453773
frac_2161,2.1667045027486256
frac_2162,2.138504607696152
frac_2163,2.096155512243878
frac_2164,2.1256520889555217
frac_2165,2.242592648675662
frac_2166,2.246096116941529
frac_2167,2.2539417741129433
frac_2168,2.287653688155922
frac_2169,2.299765787106447
frac_2170,2.4186592903548227
frac_2171,2.4018462618690655
frac_2172,2.3880682858570714
frac_2173,2.387197341329335
frac_2174,2.3319369965017493
frac_2175,1.9205406396801599
frac_2176,1.9076694552723639
frac_2177,1.9249107046476763
frac_2178,1.9466331484257873
frac_2179,1.925839540229885
frac_2180,2.097227766116941
frac_2181,2.068276806596702
frac_2182,2.057707416291854
frac_2183,2.1124343678160926
frac_2184,2.0222755972013995
frac_2185,2.1860930034982506
frac_2186,2.177234732633683
frac_2187,2.1911620889555223
frac_2188,2.2137413293353325
frac_2189,2.1875580909545222
frac_2190,2.314443333333333
frac_2191,2.3301275712143927
frac_2192,2.3316293403298354
frac_2193,2.3440347976011995
frac_2194,2.2820096101949026
frac_2195,2.4749809595202397
frac_2196,2.442509035482259
frac_2197,2.4075415992003997
frac_2198,2.515087371314343
frac_2199,2.4918274262868563
frac_2200,2.005726816591704
frac_2201,2.009834102948526
frac_2202,1.997012003998001
frac_2203,1.9975717991004498
frac_2204,2.013805437281359
frac_2205,2.151670929535232
frac_2206,2.139152898550724
frac_2207,2.1126504547726137
frac_2208,2.1714669615192403
frac_2209,2.1358722388805593
frac_2210,2.2377493253373313
frac_2211,2.2812480159920043
frac_2212,2.2903332833583203
frac_2213,2.2506704297851075
frac_2214,2.3015576911544224
frac_2215,2.4003182608695655
frac_2216,2.3920822388805596
frac_2217,2.425165957021489
frac_2218,2.3645139480259867
frac_2219,2.3459790054972514
frac_2220,2.5193777611194403
frac_2221,2.4719205997001503
frac_2222,2.511076711644178
frac_2223,2.532520909545227
frac_2224,2.5126175912043975
frac_2225,2.093037606196902
frac_2226,2.0608357771114445
frac_2227,2.1221423688155925
frac_2228,2.097599865067466
frac_2229,2.0693919940029986
frac_2230,2.1954734532733635
frac_2231,2.2838780659670164
frac_2232,2.1901171864067965
frac_2233,2.2554130784607698
frac_2234,2.184101564217891
frac_2235,2.327083993003498
frac_2236,2.3505185707146428
frac_2237,2.356942978510744
frac_2238,2.405229820089955
frac_2239,2.30112544227886
frac_2240,2.484112248875562
frac_2241,2.49316243878061
frac_2242,2.4581706696651677
frac_2243,2.509643193403298
frac_2244,2.472438275862069
frac_2245,2.596962573713143
frac_2246,2.5897439280359817
frac_2247,2.5042266366816595
frac_2248,2.6007160019990008
frac_2249,2.5500707546226886
frac_2250,1.8844700349825088
frac_2251,1.8442720789605198
frac_2252,1.8538066666666668
frac_2253,1.822355307346327
frac_2254,1.8416640379810096
frac_2255,1.9790922938530733
frac_2256,2.0182984707646177
frac_2257,1.984766631684158
frac_2258,1.9996029935032484
frac_2259,1.9629244127936032
frac_2260,2.1198842628685655
frac_2261,2.166471419290355
frac_2262,2.0780245877061474
frac_2263,2.1560368565717143
frac_2264,2.1350869515242374
frac_2265,2.2668019490254876
frac_2266,2.2851717541229384
frac_2267,2.213805752123938
frac_2268,2.243916131934033
frac_2269,2.2955215492253873
frac_2270,2.3384016391804097
frac_2271,2.3437420539730134
frac_2272,2.417091259370315
frac_2273,2.4124362418790604
frac_2274,2.409968940529735
frac_2275,1.9427324287856071
frac_2276,1.964527131434283
frac_2277,1.9007086256871564
frac_2278,1.9374965317341328
frac_2279,1.9437145327336331
frac_2280,2.0505448225887055
frac_2281,2.049276941529236
frac_2282,2.054769095452274
frac_2283,2.0941503698150923
frac_2284,2.0762806496751627
frac_2285,2.1895443378310846
frac_2286,2.2354807196401802
frac_2287,2.197947296351824
frac_2288,2.1969898600699653
frac_2289,2.2412010744627686
frac_2290,2.331765347326337
frac_2291,2.337428300849575
frac_2292,2.332898855572214
frac_2293,2.350863273363318
frac_2294,2.360714352823588
frac_2295,2.382286446776612
frac_2296,2.4848571364317835
frac_2297,2.3684003848075963
frac_2298,2.466246251874063
frac_2299,2.4782964017991005
frac_2300,1.9932570764617692
frac_2301,2.010019035482259
frac_2302,1.9972589605197404
frac_2303,1.9821499750124938
frac_2304,1.988538995502249
frac_2305,2.1307986856571715
frac_2306,2.0237465017491254
frac_2307,2.1245667916041984
frac_2308,2.1625791904047973
frac_2309,2.139440294852574
frac_2310,2.288509455272364
frac_2311,2.307810179910045
frac_2312,2.2729192103948024
frac_2313,2.265342183908046
frac_2314,2.2825782808595703
frac_2315,2.4510826336831584
frac_2316,2.4259482008995503
frac_2317,2.3920639830084958
frac_2318,2.4034132683658167
frac_2319,2.4228588105947026
frac_2320,2.4503630784607697
frac_2321,2.5494518390804597
frac_2322,2.5631312543728137
frac_2323,2.5631023838080957
frac_2324,2.5234326786606696
frac_2325,2.0766233383308346
frac_2326,2.0800809245377314
frac_2327,2.0357432733633183
frac_2328,2.042169175412294
frac_2329,2.0261885257371315
frac_2330,2.1909944777611194
frac_2331,2.21425083958021
frac_2332,2.1699109395302347
frac_2333,2.2047715342328837
frac_2334,2.193477116441779
frac_2335,2.3517798550724636
frac_2336,2.3612530534732636
frac_2337,2.405355987006496
frac_2338,2.291696256871564
frac_2339,2.3224686306846576
frac_2340,2.469553788105947
frac_2341,2.4606462068965516
frac_2342,2.469521884057971
frac_2343,2.472163868065967
frac_2344,2.412468180909545
frac_2345,2.4884040779610195
frac_2346,2.5690816091954023
frac_2347,2.51447127936032
frac_2348,2.5611802548725633
frac_2349,2.5788470864567716
frac_2350,2.111954372813593
frac_2351,2.157296436781609
frac_2352,2.16758704147926
frac_2353,2.0784923088455773
frac_2354,2.127493423288356
frac_2355,2.28412764117941
frac_2356,2.267911449275362
frac_2357,2.248052703648176
frac_2358,2.279628660669665
frac_2359,2.253346246876562
frac_2360,2.454146591704148
frac_2361,2.373505757121439
frac_2362,2.3708291854072963
frac_2363,2.451483608195902
frac_2364,2.3700928235882057
frac_2365,2.4459018140929536
frac_2366,2.5482715092453776
frac_2367,2.5128133983008496
frac_2368,2.556140084957521
frac_2369,2.5071411844077964
frac_2370,2.6298107296351825
frac_2371,2.6994733233383306
frac_2372,2.685865907046477
frac_2373,2.6312204247876063
frac_2374,2.6760031484257873
frac_2375,1.904775767116442
frac_2376,1.8981830784607694
frac_2377,1.9429896101949027
frac_2378,1.9202339030484756
frac_2379,1.921097496251874
frac_2380,2.035855607196402
frac_2381,2.070925192403798
frac_2382,2.0138186306846575
frac_2383,2.0567944427786107
frac_2384,2.09378932033983
frac_2385,2.1767608595702144
frac_2386,2.2244669465267366
frac_2387,2.1628679460269864
frac_2388,2.235904582708646
frac_2389,2.188905427286357
frac_2390,2.346354492753623
frac_2391,2.331692948525737
frac_2392,2.357657311344328
frac_2393,2.324576316841579
frac_2394,2.322659050474763
frac_2395,2.4341645827086458
frac_2396,2.371066756621689
frac_2397,2.4903957821089455
frac_2398,2.4603953023488256
frac_2399,2.494646206896551
frac_2400,2.022162003998001
frac_2401,1.9764533283358319
frac_2402,2.014794752623688
frac_2403,2.0078595402298847
frac_2404,2.0036784257871063
frac_2405,2.1377897551224385
frac_2406,2.1296745577211396
frac_2407,2.139943128435782
frac_2408,2.125545287356321
frac_2409,2.196161979010495
frac_2410,2.250810424787606
frac_2411,2.2848533883058475
frac_2412,2.2687592703648174
frac_2413,2.3371184857571214
frac_2414,2.2296471664167914
frac_2415,2.368002648675662
frac_2416,2.403965012493753
frac_2417,2.4373115992003993
frac_2418,2.4447546626686654
frac_2419,2.3546110094952524
frac_2420,2.4760563968015994
frac_2421,2.482358305847076
frac_2422,2.5206941779110448
frac_2423,2.5235078260869566
frac_2424,2.575632303848076
frac_2425,2.011402383808096
frac_2426,2.0423596001999
frac_2427,2.0700269265367317
frac_2428,2.0416488905547228
frac_2429,2.108313928035982
frac_2430,2.1948949375312345
frac_2431,2.2232935232383806
frac_2432,2.2337530534732633
frac_2433,2.1693423088455774
frac_2434,2.25386031984008
frac_2435,2.3293310544727635
frac_2436,2.3133013093453276
frac_2437,2.3199174062968515
frac_2438,2.3503685707146427
frac_2439,2.374340704647676
frac_2440,2.4684965517241384
frac_2441,2.4391357621189407
frac_2442,2.477646851574213
frac_2443,2.431361424287856
frac_2444,2.5355279610194903
frac_2445,2.533433338330835
frac_2446,2.604670544727636
frac_2447,2.588777621189405
frac_2448,2.550891364317841
frac_2449,2.606827871064468
frac_2450,2.160921304347826
frac_2451,2.127732653673163
frac_2452,2.107045197401299
frac_2453,2.122223123438281
frac_2454,2.122598955522239
frac_2455,2.229105752123938
frac_2456,2.255598655672164
frac_2457,2.254665512243878
frac_2458,2.248674767616192
frac_2459,2.30643163918041
frac_2460,2.4304933333333336
frac_2461,2.385301844077961
frac_2462,2.4097211744127938
frac_2463,2.370853453273363
frac_2464,2.4910651624187907
frac_2465,2.5021102748625683
frac_2466,2.4715818940529735
frac_2467,2.447114287856072
frac_2468,2.5577758970514743
frac_2469,2.5389931834082957
frac_2470,2.6564669465267365
frac_2471,2.614527091454273
frac_2472,2.63192756121939
frac_2473,2.6203086506746627
frac_2474,2.6738970064967513
frac_2475,2.1104625487256374
frac_2476,2.24122996001999
frac_2477,2.1922058570714644
frac_2478,2.249428270864568
frac_2479,2.201682523738131
frac_2480,2.326356296851574
frac_2481,2.293593353323338
frac_2482,2.3041300649675165
frac_2483,2.3274468115942026
frac_2484,2.3475980109945027
frac_2485,2.4325803448275862
frac_2486,2.4642853123438284
frac_2487,2.4593480059970014
frac_2488,2.4972815542228886
frac_2489,2.443387696151924
frac_2490,2.646910024987506
frac_2491,2.540141579210395
frac_2492,2.633168650674663
frac_2493,2.5419828385807097
frac_2494,2.5861484707646176
frac_2495,2.6193751024487755
frac_2496,2.6531436331834084
frac_2497,2.622561004497751
frac_2498,2.7111497851074464
frac_2499,2.7398438330834582
frac_2500,1.6740741644177912
frac_2501,1.6804400709645178
frac_2502,1.7086748175912043
frac_2503,1.6809323143428285
frac_2504,1.6751055022488754
frac_2505,1.8713321989005498
frac_2506,1.824643808095952
frac_2507,1.8355865017491253
frac_2508,1.8546490854572715
frac_2509,1.8056561569215392
frac_2510,1.9888998250874563
frac_2511,1.954869980009995
frac_2512,1.9740073563218392
frac_2513,1.9655930184907549
frac_2514,1.9970574512743628
frac_2515,2.097242793603198
frac_2516,2.0752564967516243
frac_2517,2.0645509045477257
frac_2518,2.0959007046476765
frac_2519,2.1578459070464766
frac_2520,2.1907795852073964
frac_2521,2.2634575912043977
frac_2522,2.2093107246376817
frac_2523,2.1732818540729637
frac_2524,2.229900939530235
frac_2525,1.8115807246376812
frac_2526,1.7373923938030984
frac_2527,1.7652081259370314
frac_2528,1.7624934132933532
frac_2529,1.7785339330334835
frac_2530,1.9332086856571715
frac_2531,1.9286974612693655
frac_2532,1.9064317341329335
frac_2533,1.918196271864068
frac_2534,1.8689535782108944
frac_2535,2.011918500749625
frac_2536,2.03324003998001
frac_2537,2.023472163918041
frac_2538,1.9814576961519241
frac_2539,2.037276591704148
frac_2540,2.130806781609196
frac_2541,2.1883616291854073
frac_2542,2.1945656221889056
frac_2543,2.1738841979010495
frac_2544,2.2002726386806595
frac_2545,2.3170602298850573
frac_2546,2.301799665167416
frac_2547,2.2806884507746132
frac_2548,2.3578073963018493
frac_2549,2.351272093953024
frac_2550,1.8493317741129436
frac_2551,1.8458232133933035
frac_2552,1.819597751124438
frac_2553,1.868057816091954
frac_2554,1.8723317691154424
frac_2555,1.9450368715642181
frac_2556,2.0155961319340325
frac_2557,1.9577126936531735
frac_2558,2.007505247376312
frac_2559,1.9373515442278861
frac_2560,2.0980799450274863
frac_2561,2.147758820589705
frac_2562,2.0714121089455277
frac_2563,2.0649346876561716
frac_2564,2.0987580109945028
frac_2565,2.250453268365817
frac_2566,2.237155957021489
frac_2567,2.2306308845577214
frac_2568,2.227875232383808
frac_2569,2.2866674262868565
frac_2570,2.304172173913044
frac_2571,2.339148395802099
frac_2572,2.3552405597201402
frac_2573,2.3447483758120944
frac_2574,2.3361275862068966
frac_2575,1.9577555072463768
frac_2576,1.897980299850075
frac_2577,1.9009896251874063
frac_2578,1.9299452773613193
frac_2579,1.8909023888055971
frac_2580,2.066364567716142
frac_2581,2.0724702348825588
frac_2582,2.0367275612193905
frac_2583,2.064747426286856
frac_2584,2.0397496951524237
frac_2585,2.153752528735632
frac_2586,2.1136532933533236
frac_2587,2.1854828835582207
frac_2588,2.147587501249375
frac_2589,2.1942302848575714
frac_2590,2.3019021589205395
frac_2591,2.3300741379310344
frac_2592,2.3018876461769118
frac_2593,2.363480284857571
frac_2594,2.2927088105947027
frac_2595,2.4418112493753124
frac_2596,2.480278110944528
frac_2597,2.4054801849075464
frac_2598,2.4804567766116943
frac_2599,2.4158204447776117
frac_2600,1.9742222538730636
frac_2601,1.9286901549225388
frac_2602,1.9830249225387306
frac_2603,1.965812183908046
frac_2604,1.9505216391804099
frac_2605,2.1061568215892055
frac_2606,2.120322143928036
frac_2607,2.095220244877561
frac_2608,2.110575952023988
frac_2609,2.0817271614192903
frac_2610,2.2516915492253875
frac_2611,2.198927596201899
frac_2612,2.2447831784107946
frac_2613,2.2361336031984007
frac_2614,2.1444702198900547
frac_2615,2.3818902648675664
frac_2616,2.389645382308846
frac_2617,2.3870539380309843
frac_2618,2.3737309545227383
frac_2619,2.3399999900049973
frac_2620,2.446314567716142
frac_2621,2.4565450474762622
frac_2622,2.4589082308845573
frac_2623,2.461325987006497
frac_2624,2.4617186356821588
frac_2625,1.7471208895552224
frac_2626,1.7846518740629687
frac_2627,1.755298091954023
frac_2628,1.758634712643678
frac_2629,1.7636118740629685
frac_2630,1.9268591754122937
frac_2631,1.869544647676162
frac_2632,1.914994502748626
frac_2633,1.9420584457771113
frac_2634,1.9403617591204398
frac_2635,1.9641170014992504
frac_2636,2.010955337331334
frac_2637,2.0410224987506247
frac_2638,2.0390973963018495
frac_2639,2.0351266766616694
frac_2640,2.1562590954522736
frac_2641,2.1673252523738133
frac_2642,2.177385677161419
frac_2643,2.2164417491254373
frac_2644,2.132887786106947
frac_2645,2.282998330834583
frac_2646,2.2990993903048476
frac_2647,2.2759910744627687
frac_2648,2.2994531834082954
frac_2649,2.311348610694653
frac_2650,1.813276611694153
frac_2651,1.850023488255872
frac_2652,1.8769148325837082
frac_2653,1.8415342128935532
frac_2654,1.8613785557221392
frac_2655,1.9259397351324337
frac_2656,1.9589725737131436
frac_2657,1.984876606696652
frac_2658,1.9989002848575712
frac_2659,2.0182067266366817
frac_2660,2.127024592703648
frac_2661,2.1367161569215396
frac_2662,2.1453889405297346
frac_2663,2.056781539230385
frac_2664,2.1012096751624187
frac_2665,2.205887411294353
frac_2666,2.2253525187406296
frac_2667,2.2728301249375313
frac_2668,2.221252628685657
frac_2669,2.2644073063468264
frac_2670,2.3481979410294853
frac_2671,2.367022738630685
frac_2672,2.4165508195902055
frac_2673,2.319218860569715
frac_2674,2.353012843578211
frac_2675,1.8814751324337828
frac_2676,1.8997881659170417
frac_2677,1.9009456321839082
frac_2678,1.9119582708645677
frac_2679,1.890706751624188
frac_2680,2.043208175912044
frac_2681,2.046254192903548
frac_2682,2.0394639280359823
frac_2683,1.9626064717641178
frac_2684,2.05722816091954
frac_2685,2.2005791504247876
frac_2686,2.175311324337831
frac_2687,2.1725937581209394
frac_2688,2.162836136931534
frac_2689,2.189532968515742
frac_2690,2.3369765317341327
frac_2691,2.2897283958020993
frac_2692,2.3244690354822586
frac_2693,2.3407179060469763
frac_2694,2.287012868565717
frac_2695,2.4261783408295847
frac_2696,2.4221883308345826
frac_2697,2.3428047526236884
frac_2698,2.4420565767116442
frac_2699,2.3962463018490756
frac_2700,1.9358670714642678
frac_2701,1.9808520539730134
frac_2702,1.9529083658170912
frac_2703,1.9521725387306348
frac_2704,1.9853004347826089
frac_2705,2.113519095452274
frac_2706,2.0949406746626686
frac_2707,2.0552789855072464
frac_2708,2.078346101949025
frac_2709,2.117748230884558
frac_2710,2.2368969415292352
frac_2711,2.2383997201399297
frac_2712,2.2442905447276362
frac_2713,2.2867041629185407
frac_2714,2.320196286856572
frac_2715,2.4576218190904546
frac_2716,2.394934532733633
frac_2717,2.316338860569715
frac_2718,2.3023680359820093
frac_2719,2.3486104647676163
frac_2720,2.4209099900049975
frac_2721,2.4539222188905545
frac_2722,2.441378905547226
frac_2723,2.4584478560719645
frac_2724,2.469095127436282
frac_2725,2.0175616491754123
frac_2726,2.0213766016991506
frac_2727,2.0284596701649176
frac_2728,1.9813326886556721
frac_2729,1.9943001499250375
frac_2730,2.1777513893053473
frac_2731,2.236643803098451
frac_2732,2.13660588205897
frac_2733,2.1942217541229385
frac_2734,2.191635747126437
frac_2735,2.2692054772613695
frac_2736,2.299835257371315
frac_2737,2.2826973663168415
frac_2738,2.3068450174912543
frac_2739,2.2964195652173913
frac_2740,2.3900486556721634
frac_2741,2.4084083658170914
frac_2742,2.4235837681159422
frac_2743,2.4013885807096456
frac_2744,2.3992385907046474
frac_2745,2.479869780109945
frac_2746,2.574030944527736
frac_2747,2.56845836081959
frac_2748,2.4994139380309845
frac_2749,2.5634116741629187
frac_2750,1.8352956221889054
frac_2751,1.8506165217391304
frac_2752,1.826273928035982
frac_2753,1.8500292853573213
frac_2754,1.8696372863568216
frac_2755,1.957676996501749
frac_2756,1.9568087556221887
frac_2757,1.9678848225887058
frac_2758,1.9659343628185908
frac_2759,1.9835441179410296
frac_2760,2.1033862918540724
frac_2761,2.0813303598200905
frac_2762,2.066739595202399
frac_2763,2.131063928035982
frac_2764,2.032046316841579
frac_2765,2.221345672163918
frac_2766,2.2329134132933537
frac_2767,2.2536049025487257
frac_2768,2.2474637681159417
frac_2769,2.1898744677661166
frac_2770,2.327470784607696
frac_2771,2.3408957021489254
frac_2772,2.338000984507746
frac_2773,2.37898063968016
frac_2774,2.3385440429785107
frac_2775,1.9205339230384806
frac_2776,1.9307578210894552
frac_2777,1.9249320039980011
frac_2778,1.8841416491754124
frac_2779,1.912603803098451
frac_2780,2.007999140429785
frac_2781,2.0427765417291353
frac_2782,2.0284506346826587
frac_2783,2.056164907546227
frac_2784,2.0492441379310344
frac_2785,2.1730120789605194
frac_2786,2.173416951524238
frac_2787,2.1846513393303346
frac_2788,2.2058886606696655
frac_2789,2.199670574712644
frac_2790,2.2677818290854574
frac_2791,2.290034497751124
frac_2792,2.333903168415792
frac_2793,2.3144586906546727
frac_2794,2.305434332833583
frac_2795,2.4511152523738127
frac_2796,2.4485722788605697
frac_2797,2.4396589805097455
frac_2798,2.390727856071964
frac_2799,2.4636368815592204
frac_2800,1.9863487756121938
frac_2801,1.9598291804097951
frac_2802,1.9564546876561717
frac_2803,1.9565790754622687
frac_2804,1.915295467266367
frac_2805,2.1447712293853076
frac_2806,2.0708906946526735
frac_2807,2.0936687856071963
frac_2808,2.105238225887057
frac_2809,2.092672643678161
frac_2810,2.332118735632184
frac_2811,2.224424687656172
frac_2812,2.1973164567716146
frac_2813,2.2101760519740132
frac_2814,2.2088879210394805
frac_2815,2.310965062468765
frac_2816,2.3435201499250375
frac_2817,2.3513545627186407
frac_2818,2.3415084357821088
frac_2819,2.2935354772613694
frac_2820,2.4643022788605697
frac_2821,2.4854016391804095
frac_2822,2.418177176411794
frac_2823,2.472350499750125
frac_2824,2.434127571214393
frac_2825,1.995691364317841
frac_2826,2.009052928535732
frac_2827,2.0463981859070466
frac_2828,2.0446294452773612
frac_2829,1.99481936031984
frac_2830,2.167560264867566
frac_2831,2.190878715642179
frac_2832,2.1845517741129434
frac_2833,2.1258214992503746
frac_2834,2.15382668165917
frac_2835,2.307377196401799
frac_2836,2.2671976011994004
frac_2837,2.308086586706647
frac_2838,2.271885132433783
frac_2839,2.3046188455772114
frac_2840,2.493265757121439
frac_2841,2.394980884557721
frac_2842,2.394953363318341
frac_2843,2.4733223738130934
frac_2844,2.429538810594703
frac_2845,2.4973788705647175
frac_2846,2.5743024437781106
frac_2847,2.5723643278360817
frac_2848,2.517451059470265
frac_2849,2.5690665317341326
frac_2850,2.0922036331834084
frac_2851,2.0747428785607194
frac_2852,2.0706110694652677
frac_2853,2.0622018340829587
frac_2854,2.0800256271864064
frac_2855,2.1988110044977516
frac_2856,2.205954752623688
frac_2857,2.2080476511744127
frac_2858,2.247366071964018
frac_2859,2.223691769115442
frac_2860,2.3096716291854076
frac_2861,2.337745917041479
frac_2862,2.313807111444278
frac_2863,2.3374344027986003
frac_2864,2.326112533733133
frac_2865,2.498398015992004
frac_2866,2.498844712643678
frac_2867,2.525324017991005
frac_2868,2.5415595102448774
frac_2869,2.444251264367816
frac_2870,2.631818555722139
frac_2871,2.599531414292853
frac_2872,2.613164497751124
frac_2873,2.550575932033983
frac_2874,2.60286972013993
frac_2875,1.8705034232883557
frac_2876,1.9373136581709145
frac_2877,1.8809650824587707
frac_2878,1.9228241029485258
frac_2879,1.920755187406297
frac_2880,2.02411055972014
frac_2881,2.016041724137931
frac_2882,2.0410051324337832
frac_2883,2.0692948875562216
frac_2884,2.039288375812094
frac_2885,2.2010093703148423
frac_2886,2.132807406296852
frac_2887,2.1961437381309348
frac_2888,2.1645507646176907
frac_2889,2.1574830434782606
frac_2890,2.2932430134932535
frac_2891,2.2562493903048475
frac_2892,2.292654207896052
frac_2893,2.2528542528735627
frac_2894,2.28143796101949
frac_2895,2.3802908595702146
frac_2896,2.385552828585707
frac_2897,2.407786736631684
frac_2898,2.4089947376311844
frac_2899,2.407632993503248
frac_2900,1.9648158120939532
frac_2901,1.9791698250874563
frac_2902,1.970760464767616
frac_2903,1.941993988005997
frac_2904,1.984072343828086
frac_2905,2.106148580709645
frac_2906,2.1320514442778613
frac_2907,2.1023052873563217
frac_2908,2.0606634432783606
frac_2909,2.1454920289855073
frac_2910,2.202295897051474
frac_2911,2.302933513243378
frac_2912,2.2197167266366815
frac_2913,2.2603781459270365
frac_2914,2.2828843128435783
frac_2915,2.329682343828086
frac_2916,2.313374652673663
frac_2917,2.403439945027486
frac_2918,2.3925658120939532
frac_2919,2.280239065467266
frac_2920,2.497170779610195
frac_2921,2.44811700149925
frac_2922,2.503426516741629
frac_2923,2.5725355972013992
frac_2924,2.4991363418290855
frac_2925,2.067469715142429
frac_2926,2.021151064467766
frac_2927,2.077259300349825
frac_2928,2.0725060269865065
frac_2929,2.047760364817591
frac_2930,2.16007948025987
frac_2931,2.216677326336832
frac_2932,2.139043988005997
frac_2933,2.175441844077961
frac_2934,2.1905301299350324
frac_2935,2.337312743628186
frac_2936,2.2887253223388306
frac_2937,2.284077221389305
frac_2938,2.284498820589705
frac_2939,2.3172596451774115
frac_2940,2.4074161019490257
frac_2941,2.427442428785607
frac_2942,2.4319938380809596
frac_2943,2.4899803098450777
frac_2944,2.394071504247876
frac_2945,2.556637886056972
frac_2946,2.501805612193903
frac_2947,2.559698290854573
frac_2948,2.6017007846076963
frac_2949,2.5844163618190903
frac_2950,2.087945957021489
frac_2951,2.0420368315842077
frac_2952,2.100615152423788
frac_2953,2.072063418290855
frac_2954,2.0689535132433785
frac_2955,2.2276048175912044
frac_2956,2.2150582358820587
frac_2957,2.2341838330834585
frac_2958,2.267428220889555
frac_2959,2.2182281909045476
frac_2960,2.3874863518240876
frac_2961,2.3784237131434285
frac_2962,2.309197886056972
frac_2963,2.3278109345327334
frac_2964,2.373679335332334
frac_2965,2.467629710144928
frac_2966,2.4392511494252873
frac_2967,2.537395462268866
frac_2968,2.4650925037481257
frac_2969,2.415170749625187
frac_2970,2.5357649375312343
frac_2971,2.6621927586206895
frac_2972,2.567870499750125
frac_2973,2.582683708145927
frac_2974,2.636765857071464
frac_2975,2.149910309845078
frac_2976,2.17365275862069
frac_2977,2.164029380309845
frac_2978,2.1325846626686658
frac_2979,2.149082563718141
frac_2980,2.2221859820089955
frac_2981,2.2980338730634684
frac_2982,2.342854867566217
frac_2983,2.274278345827086
frac_2984,2.2753535332333836
frac_2985,2.4160253273363317
frac_2986,2.4801132333833085
frac_2987,2.4201052223888055
frac_2988,2.393764937531235
frac_2989,2.3541011594202903
frac_2990,2.528178025987007
frac_2991,2.517383388305847
frac_2992,2.5526788855572216
frac_2993,2.5297428735632184
frac_2994,2.560348390804598
frac_2995,2.6636105697151424
frac_2996,2.658792738630685
frac_2997,2.667013983008496
frac_2998,2.6752511844077964
frac_2999,2.684287211394303
frac_3000,1.971567856071964
frac_3001,1.9727976511744127
frac_3002,1.9887276411794104
frac_3003,1.998675447276362
frac_3004,1.9716659020489755
frac_3005,2.1153061969015488
frac_3006,2.101767781109445
frac_3007,2.0762617091454274
frac_3008,2.1533199900049977
frac_3009,2.0871026886556723
frac_3010,2.2649312993503252
frac_3011,2.237789875062469
frac_3012,2.1993029885057473
frac_3013,2.244835052473763
frac_3014,2.2209365667166416
frac_3015,2.445978375812094
frac_3016,2.246112403798101
frac_3017,2.3485793103448276
frac_3018,2.422239055472264
frac_3019,2.435158495752124
frac_3020,2.4734480159920045
frac_3021,2.519967776111944
frac_3022,2.443327511244378
frac_3023,2.520576336831584
frac_3024,2.468677701149425
frac_3025,2.0679689205397302
frac_3026,2.0777961469265365
frac_3027,2.0031922188905544
frac_3028,2.0731659920039984
frac_3029,2.0663991304347826
frac_3030,2.1107266566716643
frac_3031,2.159203223388306
frac_3032,2.2413533233383305
frac_3033,2.151973608195902
frac_3034,2.1917463918040982
frac_3035,2.3088912693653176
frac_3036,2.3107197151424286
frac_3037,2.285902348825587
frac_3038,2.37239187906047
frac_3039,2.2782687506246875
frac_3040,2.451101189405297
frac_3041,2.4634202948525736
frac_3042,2.3879901249375313
frac_3043,2.4060869065467267
frac_3044,2.4381438630684658
frac_3045,2.582786721639181
frac_3046,2.594833828085957
frac_3047,2.5907338380809595
frac_3048,2.5993488705647176
frac_3049,2.58718848075962
frac_3050,2.0564239430284856
frac_3051,2.097110909545227
frac_3052,2.1278555572213893
frac_3053,2.101897811094453
frac_3054,2.091033168415792
frac_3055,2.2667532983508245
frac_3056,2.2548630134932535
frac_3057,2.238704827586207
frac_3058,2.201973343328336
frac_3059,2.2517495052473766
frac_3060,2.3555411644177915
frac_3061,2.3910757371314344
frac_3062,2.3365360069965018
frac_3063,2.3903220639680156
frac_3064,2.3698206396801598
frac_3065,2.5427607746126935
frac_3066,2.5849242178910545
frac_3067,2.4793855472263866
frac_3068,2.5205252023988005
frac_3069,2.477963653173413
frac_3070,2.676652063968016
frac_3071,2.6493125737131438
frac_3072,2.622029645177411
frac_3073,2.530902333833083
frac_3074,2.547428795602199
frac_3075,2.1834372763618193
frac_3076,2.1187535482258872
frac_3077,2.151033593203399
frac_3078,2.0991809795102445
frac_3079,2.178664127936032
frac_3080,2.198857266366817
frac_3081,2.276412468765617
frac_3082,2.282805532233883
frac_3083,2.2615308245877057
frac_3084,2.3361747926036984
frac_3085,2.4333731684157924
frac_3086,2.4780742128935533
frac_3087,2.34194848075962
frac_3088,2.4012452923538232
frac_3089,2.4856280909545223
frac_3090,2.5794049975012494
frac_3091,2.4894959570214894
frac_3092,2.5566035332333836
frac_3093,2.56262031984008
frac_3094,2.5205875162418794
frac_3095,2.6522298900549726
frac_3096,2.6804335282358824
frac_3097,2.6797994402798597
frac_3098,2.683482988505747
frac_3099,2.7224899300349823
frac_3100,2.2018806146926537
frac_3101,2.1988900999500247
frac_3102,2.1555692103948028
frac_3103,2.2386491704147926
frac_3104,2.228997096451774
frac_3105,2.3181112743628187
frac_3106,2.371156106946527
frac_3107,2.351814047976012
frac_3108,2.3162870314842583
frac_3109,2.3213212093953026
frac_3110,2.459444897551224
frac_3111,2.4880926736631688
frac_3112,2.436066876561719
frac_3113,2.459383528235882
frac_3114,2.4261816741629185
frac_3115,2.635392503748126
frac_3116,2.638365727136432
frac_3117,2.613840804597701
frac_3118,2.660042578710645
frac_3119,2.599742863568216
frac_3120,2.689092083958021
frac_3121,2.7584651874062973
frac_3122,2.7009409095452273
frac_3123,2.748034947526237
frac_3124,2.7711703148425784
